"T cells","CD8 T cells","Cytotoxic lymphocytes","B lineage","NK cells","Monocytic lineage","Myeloid dendritic cells","Neutrophils","Endothelial cells","Fibroblasts","patient_id"
1.28446578192117,0.946955386643119,1.22303024671553,2.92818951194575,0.180734524179198,3.20164761452448,1.61540441170609,1.54035434879617,2.52364089991808,6.91044352283396,"TCGA-D3-A3MU"
1.23875131105043,0.741057040973964,0.938795259554199,1.56354116279474,0.140753005173636,2.30075999931743,0.450259207203525,1.67526920933829,1.30314731821356,4.04120081651842,"TCGA-ER-A2ND"
0.829093808958411,0.0543622884496891,0.636730479711326,0.876901054397969,0.0803349255593237,0.569563183269131,0.394977464148117,1.1257420219198,1.38777541316718,3.36539641775783,"TCGA-ER-A3ES"
3.79802151359777,5.1987848635441,3.78697518799799,3.42072616334802,1.49213835712471,4.77626373869003,2.07118731744892,1.61634358198743,3.40026526398746,6.24164090285724,"TCGA-ER-A2NH"
0.221033234546567,0.0223323000980564,1.20683387331808,0.688794379316365,0.212432938702597,0.706451201772576,0.163337985736408,0.961385308944169,1.65500457914006,3.1142556885742,"TCGA-GN-A262"
1.01231246154488,0.543396895807572,0.811293345255008,2.15036406986511,0.10341396227269,1.66134506439887,1.76878730184582,1.30444460769841,1.9263426124832,5.05036752740863,"TCGA-D3-A2JG"
1.19670910505933,0.345169250856654,0.659317980993157,1.36186337284521,0.214063072152039,3.52802063102959,1.23702504748557,1.6728156280854,3.20237536750652,7.95973307589008,"TCGA-FS-A1ZS"
2.15426760395873,1.71241969708052,2.05375684541219,2.58943449251329,0.156821386159452,3.07794374505356,1.19209967293347,1.55773822223207,2.60318894885551,4.87792129678694,"TCGA-D9-A148"
0.827716487030573,0.103665482765696,0.873464445945174,0.961322177278028,0.0728970739389277,1.13616750849836,0.206371726241034,1.58395765931093,2.50111717554133,4.78299420141571,"TCGA-FS-A1ZY"
1.47673443924945,0.464459165612994,0.868801703562487,3.62183379460327,0.260734187209789,2.71352515146887,1.55910877129852,1.47890309889485,2.19286831459053,4.56250640360591,"TCGA-FS-A1YW"
2.4128232745217,1.22237181126008,1.21587630636756,3.63990662232359,0.338035611806124,3.10770580392528,1.42601001173323,1.35193986397894,2.71711974950023,6.16265515653622,"TCGA-DA-A1I0"
1.9436160145354,0.770448504849234,1.0072520338983,2.89235785026684,0.184586359541493,3.28049302166715,1.4382553052127,1.69566706647188,2.63911826751464,4.55952408864687,"TCGA-EE-A2MM"
0.687387744620334,0.0954518810856605,0.919822501886748,1.55643645606169,0.132416364907516,2.16927459204034,0.59176815226068,2.01777398102688,2.58318288036763,6.1186872045837,"TCGA-EB-A24C"
2.67610919241031,3.08437046472991,2.53609807895835,3.05432828246684,1.4179092279071,4.46538824757222,2.10459575063865,1.56302085070597,3.32994637724581,5.58678336076234,"TCGA-FS-A1Z0"
1.48907783109485,1.19433924948446,0.94348207964941,2.5547032038094,0.106125538918887,2.43338342249135,1.20024308390638,1.29563271162313,1.71965084015953,3.19360543198754,"TCGA-FW-A3TU"
3.04506649358664,2.8074991843487,2.99020468581169,5.25642946575387,0.823461022762312,4.18086799556097,1.81223026288493,2.00124037082682,3.41991433071602,7.45767140587916,"TCGA-FS-A1ZH"
1.343369439475,1.15607296095057,1.27577281980875,1.23882242338179,0.126403104814595,2.4037257423502,1.20173758008718,1.44681305914094,2.03902954240849,4.52967167375143,"TCGA-BF-AAP8"
1.84019657632173,1.87483630265047,1.9530960633778,1.8125118411823,0.410349642564513,3.27524304861081,0.714947115984124,1.47003110964738,2.80486346311509,5.17021827435548,"TCGA-D3-A5GS"
1.78555562368301,1.55566893377054,1.35428449090999,1.62317373848583,0.173477663647133,1.99280548666842,0.81008180395667,1.03385642492401,2.09647073664592,4.36840855654073,"TCGA-ER-A194"
3.05828246217936,3.08788710093312,3.21780390659387,4.09106262568602,0.521659845421739,3.76999475410295,1.23499972796858,1.80400670346032,2.85463666588421,4.29962135490904,"TCGA-EE-A2ML"
3.25119782887349,2.20583038518444,1.92369115616342,6.19703487595307,0.50448918745664,4.4478181552349,3.13272784059026,1.95855044069386,3.06016487306172,5.77694537226722,"TCGA-D3-A3CF"
1.99068728882222,2.05616730630043,1.97380796947905,3.66444312773322,0.419636708863098,2.36110732240202,0.876464634246816,0.979401468366764,1.58087552502426,3.74019729890339,"TCGA-DA-A95V"
1.8249732789596,0.445726703349984,1.60453600418431,2.51076039605798,0.190632602688022,2.91562296056936,2.24208671585847,1.89067700739268,3.28848648889429,7.39367654733896,"TCGA-EB-A57M"
1.39713267426347,0.437121184384194,1.68444829454057,1.12738241372132,0.16106003599174,2.44806017212745,0.979162812935006,1.7341743320978,2.97849089502483,5.58427075068193,"TCGA-EE-A20H"
2.9212169042347,3.16859390213665,3.08672554975616,1.1428108809972,0.825473821966933,3.18169359770694,1.96987973761309,2.0311769494652,1.87958856259331,5.03427283789706,"TCGA-GN-A4U5"
1.10073246128754,0.303926836480695,0.847875632415653,1.70802738158751,0.137790960375755,2.46463029122707,2.03931325101491,1.65186868487236,2.60191673781002,5.61858965915439,"TCGA-W3-AA1O"
1.79198867575415,1.82537860389293,1.68230944587097,2.33020121761212,0.513230086060455,3.09654759044999,1.80138199304674,1.5609036917284,2.54556525536592,3.76798336782557,"TCGA-Z2-AA3S"
1.50384692941381,1.06598582949859,1.44582119150582,2.75198899694148,0.256160022550265,1.98659810342837,1.65304263496236,1.42766662471661,1.93010216744694,5.53191053212198,"TCGA-WE-A8JZ"
1.89570271135399,0.556012426749704,1.16789067527238,4.12971435515223,0.174696967550059,4.38554777791428,2.58271807208823,1.59577389165762,2.98502734437668,6.24554377306546,"TCGA-ER-A3ET"
1.05751608110577,0.298071734933995,1.21812415178959,1.16571319996814,0.177863101737908,2.30132921903713,0.824317882232155,1.43645821588154,2.66893802438561,5.84910744411183,"TCGA-ER-A19C"
2.84800709331776,3.11246661407598,2.52501149278014,2.067695019831,0.746959639574222,3.18395463258479,1.15063034994798,1.57969985964917,1.75289521040999,4.34571000686467,"TCGA-EB-A6R0"
2.903860891286,1.89382814737279,2.56317274287939,6.34327225839584,0.925614285425706,3.72550454235347,2.43727635986137,1.52174452300573,2.87174659793827,5.95757573576007,"TCGA-D3-A5GR"
2.76203530067007,3.64368305598158,2.67799049865061,4.80353881358692,0.732042102830571,3.41935341307254,1.50936142536106,1.09931122465887,2.30927745125506,5.37360164556996,"TCGA-D3-A3MR"
0.820792710610927,0.176195094863408,0.947517338387157,1.2220423472699,0.563945229253503,2.6677523004416,1.17850430108667,1.38487916643812,3.21304654706811,6.73990347191051,"TCGA-ER-A42H"
3.4574747738158,4.61260020108348,3.28942012918763,5.98533051837936,1.03644025630909,4.87667745988957,2.9049212952397,1.66666001825147,2.52611260004184,5.27139609334327,"TCGA-D3-A3CB"
4.99581504819715,2.55011262964724,2.32289463830697,8.61226711935641,0.9320142172989,4.38713054507452,2.97774004353225,1.74911713508285,3.21404262892996,5.95640471981902,"TCGA-ER-A1A1"
3.0136843272601,3.53884852074424,2.33780354845279,3.54147412859696,0.576659709673129,2.95322317572924,1.5564829108378,1.19242795340622,1.58369546035907,3.96763101374927,"TCGA-D3-A2JL"
2.11512661581605,1.66498337325673,2.70611505308145,3.51870099034561,0.648527996255654,3.68098777296911,2.05446001812529,1.46113660419898,2.5279800406366,5.37997193497208,"TCGA-EE-A29X"
2.1772508008119,1.76085963682191,2.29194861423849,1.8793330173275,0.727800761741508,5.33328521353665,1.40000360340384,1.67730884843831,3.41108183127647,7.58972739675597,"TCGA-D3-A2JA"
3.50234698258527,4.16401388852506,3.94877031556597,3.92212816713445,1.33584376868837,4.35250035374504,2.97220030105084,1.30489109690469,2.27403362670346,5.40983863068834,"TCGA-D3-A51J"
3.88721642730615,3.51543492569365,2.09338407233809,5.98120847968164,0.648962746831043,3.30506698220129,3.24633792104903,1.6871829256825,3.01403562700255,6.34924903990396,"TCGA-GN-A9SD"
4.08219494901289,3.28930331402435,3.05518691053559,6.24008963909343,0.756688665369809,3.55578036414243,2.89999930356628,1.78445588538275,4.47268637282728,6.71888124282531,"TCGA-FS-A4F8"
2.14124585478615,2.35015774948499,2.60559972745578,4.23366656694084,0.872831147506197,4.05928445888954,2.06451622577372,1.53431126633181,2.82258936411251,5.8384532245217,"TCGA-RP-A693"
3.83462256298278,3.81337076625331,3.22192105584414,2.80259537537968,1.68362636833318,6.01519031784982,3.31999729843732,2.78135828883746,4.54964723336346,8.28456658379656,"TCGA-ER-A19A"
2.13217973406141,3.08532267137752,2.84235435012544,2.39771769937496,0.885771336666304,3.2474492338366,2.04216382615252,1.35463048875476,2.74874318141563,5.86731461220344,"TCGA-BF-AAP7"
2.96374012979412,2.12336822499247,2.22582203264443,6.56422401819742,0.873132415615021,4.8048313076817,3.06874729999879,1.53062190513746,2.11165654497094,6.76373058907629,"TCGA-GF-A6C9"
2.43285869607071,2.05206804724387,2.07498700746859,3.93236504762821,0.338773854644101,3.79795332517745,2.1772797870152,1.66376211282394,2.262786007801,5.36860198383595,"TCGA-D3-A8GM"
2.24555728949074,3.20091233325219,2.29946640187945,2.9812092806743,0.7950383875316,4.11850348354285,1.70942564994346,1.51744361952347,1.82378442311869,4.74349192626667,"TCGA-EE-A2MK"
1.99802811876197,2.18897054690406,1.91098667841811,1.45317635361243,0.850613364659201,3.22863149328812,1.40585573288265,1.76927071743649,2.532524045751,6.73614176634621,"TCGA-D3-A51G"
2.91980332796129,3.88454908146871,2.60590659371573,4.09346067675957,1.00297333607954,4.48501017617907,2.46250198567226,1.69505176996872,3.69676068319547,7.25727369984469,"TCGA-EE-A2GE"
1.95226382647159,1.59555139945614,1.69645901063757,3.91434060096964,0.303054746271409,3.88568513226951,2.3437662336889,1.62854404505318,3.24474502358412,5.33194377057623,"TCGA-FS-A1ZP"
1.91658982634875,2.96517476153647,1.97054633086993,1.9035045738607,0.76307319863486,1.96794550426187,1.24067347818332,1.09816923357634,1.99034243728144,5.42796276767431,"TCGA-EB-A85I"
4.42352486247896,2.38039699198845,2.45989881592685,8.83367775020738,1.18835396776488,3.88812041746714,3.50655774827786,1.45242029536945,2.34285501478458,5.02022513473354,"TCGA-D3-A51H"
2.07173245116383,1.70566832470645,1.4897118894375,2.42245208111473,0.419572408924142,2.33795124008295,1.09343506001326,1.31103357896397,1.53775363319173,3.50415447260409,"TCGA-W3-AA1R"
1.50704128798132,0.96908600652994,1.9703225789691,1.93415443238952,0.262967163612003,2.37050431058587,1.39827652811697,1.01335634208108,1.42119750113671,5.04050573352574,"TCGA-EB-A97M"
3.37471753220488,4.03521919460411,3.00580371745136,3.37530957054845,0.953082772982975,4.0012638422112,1.91231468733082,1.4603070281673,1.97628356523238,5.25242135822608,"TCGA-3N-A9WC"
0.925851129934423,0.0494913701651037,0.599081488303189,1.13200146129762,0.0885263333065288,1.08687170911877,0.859180254157183,1.3663060280983,1.6499770188525,5.21642312884167,"TCGA-3N-A9WB"
1.2266312627783,0.655077003382484,1.34719723104892,3.01223870747917,0.215769095262601,1.64293113539538,0.970657775875238,1.68592000836994,1.86100579068386,3.91036929596859,"TCGA-WE-A8ZT"
2.06512729586411,1.6525553296199,2.18665732764412,2.69003387504408,0.569202795010418,3.19930858847972,2.68860796205226,1.60322771869116,2.12212752976937,5.54466248755341,"TCGA-BF-A1Q0"
2.58802651575729,2.80353703787742,2.36292968933839,3.34526127596111,0.76103205441485,3.70576918525403,1.28069750750033,1.3585268054302,2.39700103920745,5.08218273773445,"TCGA-Z2-AA3V"
1.67860726534411,1.16883455319018,2.18545474931375,2.07856715981626,0.261313561596332,2.75670554259905,2.62299357488043,1.68614474535053,2.36518780367872,5.89209386883953,"TCGA-DA-A1IC"
1.64461139297103,0.566181933698165,1.98500836396501,1.55236661065274,0.271607381621717,4.11989920990563,2.84125059605457,2.16993886427902,3.49106640549167,7.59277963785093,"TCGA-FS-A1ZB"
1.88548884461039,2.23658445811318,1.84250994610218,2.17218676022462,0.536954484468309,2.97664704531608,1.43932304649967,1.33621370355849,2.30775877159255,4.75935378358754,"TCGA-D3-A5GU"
1.69727872908279,2.83254575111846,1.74039532372398,1.13668634301828,0.238573658369928,2.38827288585401,1.2635128388,1.31514596412625,1.75911536157939,5.57354455931301,"TCGA-D3-A2J6"
1.18531019465913,0.161307263720935,0.972984745809292,0.618151161067385,0.10255236541528,1.98999834277515,1.12968168980351,2.14091087463161,1.84808608978078,6.06922901074267,"TCGA-XV-AAZW"
1.62025654301815,1.07327183642452,2.08788397377466,1.47936241047205,0.604145703106054,2.01774958645131,1.20631855224025,1.56906487138771,1.7803636933887,5.53552030383861,"TCGA-EB-A44P"
1.17179242719382,0.870897308665029,0.837064285618885,2.40760507219276,0.227512673934273,1.31643129079995,0.331218830780753,0.846112158447327,1.37213066000488,3.9194459543051,"TCGA-EB-A4OY"
1.11126724226878,0.281668579972845,0.838574327458003,1.08056703474622,0.120661908526387,2.09145962343583,0.520394617090949,1.3760608382004,2.11484475051218,4.94347731259155,"TCGA-YD-A89C"
2.77503115147462,3.61608710748416,2.50562113832165,1.91774343681886,0.608105797391275,4.30326373050852,1.29929929297404,1.57250944488506,2.63155153654537,6.70679249242462,"TCGA-ER-A19M"
3.17169342892449,2.23633953916837,2.63650449026826,5.68608056260513,0.673227428570993,3.19314632656499,2.11343820554822,1.61313905915964,3.13822832252273,5.90383573736116,"TCGA-EE-A2M7"
3.30156980892388,3.24119952133824,2.92570304720116,4.21550773794705,1.22323805191639,3.93506479193126,1.63013392939688,1.51203487210536,2.91514194354709,4.80397167074282,"TCGA-DA-A1HW"
2.05865506244153,1.18402633234666,2.0136489331177,2.3090858791969,0.737356606066157,2.43896160162045,0.829501657190113,1.71652491913843,1.8579678346482,5.24464536969944,"TCGA-BF-A5EO"
1.25480156011333,1.00496873174868,1.88754062093438,1.65059011398252,0.696561222071061,3.05855111666672,0.660271210354231,1.66911780639116,2.3607063684216,6.18222106233592,"TCGA-ER-A3PL"
3.35543536036839,2.25208256052774,2.59790021416746,5.42336660231195,0.27698320346571,4.40552173245262,2.92159520575836,1.91398869624026,2.57015091336296,5.90799649394514,"TCGA-EE-A29N"
0.571807186600281,0.165172317937167,1.87384144984177,1.50285461363864,0.336409994154914,2.10084403280439,1.37017631159933,1.38739709656312,2.50371353210099,5.5280863958354,"TCGA-FS-A4F5"
0.917679909164762,0.440314401803118,0.941137065406423,1.75160854515656,0.166954614327506,1.49154810831207,0.503872044637568,0.690587967121069,1.49491082700373,4.05652451080771,"TCGA-EB-A553"
2.38789272971049,1.60701066590133,2.81875400814649,3.31162035407454,1.82738030109639,4.33308285074997,2.60731993746936,1.34734224149627,2.55011653839685,5.12957274167728,"TCGA-ER-A19G"
1.48379701434139,1.80438403544134,1.49724358249403,1.58867878309124,0.906015482906029,2.21103636879957,0.982466164735152,1.68929766001048,1.25724511634546,4.89304066571594,"TCGA-ER-A2NB"
1.49236784623786,0.682842934773069,1.59720179813383,0.956026620007077,0.237009321239385,2.2144200451019,0.68231029472441,1.58066688097525,2.42114272894835,5.43784501524736,"TCGA-EE-A180"
1.75215248067423,0.907044474872798,1.42308614402309,4.22064556688813,0.290084292992799,3.13661203800662,2.20964363590849,1.70388137152126,2.86404208812183,6.45047115292606,"TCGA-FW-A3R5"
1.43362299276754,0.893439877316117,1.67388809315202,1.79954178276298,0.125083292663619,3.43432548453944,0.999854042755571,1.28161416897377,2.6634898694977,5.42603316768193,"TCGA-ER-A19T"
2.39271542999382,2.70712717777318,2.21827213786746,4.57372386866831,0.68935555619362,3.27268779901622,2.41724800778416,1.5221954085634,1.9709176893792,4.51821552459419,"TCGA-D3-A2JF"
1.44791540856398,0.191815289706898,1.54251270612037,0.98075599136311,0.859387269764701,2.4611987025383,0.537044738437541,1.68449303140571,2.89222680846415,5.49643837046699,"TCGA-EE-A2GO"
3.03683182590984,2.71107635424983,2.31656469115601,4.74621862844701,0.782592311135335,3.49640810627539,1.63130704774903,1.37709897221702,2.83433278858263,5.28719727359253,"TCGA-FS-A1ZT"
1.78324205493765,2.3212065669699,2.32778517955695,3.12499211282603,0.413294949891225,2.72447889548744,0.93957693128658,1.29716539194758,2.66407205876158,4.48187214111003,"TCGA-ER-A3EV"
1.03043740185112,0.0313951962755343,1.27165269784193,1.87398519791455,0.332083738496933,1.01322035978432,0.557301215372219,1.69017288539112,2.26885455379353,3.4469891517405,"TCGA-ER-A2NE"
2.2243330244042,0.708761109183778,1.65080120831245,2.05072176972077,0.830371731836146,4.13961540195014,1.66383955493528,1.59079506258146,2.52399971244149,5.05581391860778,"TCGA-ER-A198"
1.52927463236353,1.7308790268109,1.38654959216251,1.33808840914876,0.232425679383526,2.20630183609666,0.420154005382084,1.22418820183479,2.41513868168476,6.36908946188404,"TCGA-FS-A4F4"
0.956481887251895,0.195599575449904,0.791430221376992,2.28821291963959,0.216012776683805,2.98272698850433,1.11982189150413,1.66323010297254,2.90244411283796,6.41958295017469,"TCGA-DA-A1HY"
1.11018865636355,0.322043505874256,1.91368071615011,2.37491055740275,0.255325884982667,2.4687594332427,1.52259957697575,1.46062998734855,2.65640494377318,4.96168014828169,"TCGA-ER-A42K"
1.37132216811037,0.700350934175964,1.3863716568556,1.93732883359367,0.269428592401255,2.61633468558151,0.947749798977148,1.57434342519682,3.4194765513858,6.94200991338627,"TCGA-EE-A2GN"
1.66076182654646,1.00762609237618,1.99302479672463,3.48243110746573,0.266777747047798,1.70916224824215,1.11387584505518,1.28427304882448,2.22015151714693,4.57513690872269,"TCGA-EB-A5SH"
2.91353260842979,2.88048962668782,2.70346771289003,5.06393741757771,0.778793162384127,3.66902253363873,2.2374675759815,1.29118197651278,1.63353168912897,3.97104552368083,"TCGA-GN-A4U8"
0.998223535358438,0.113167056732735,1.4104180878434,1.55323311163154,0.228309616989194,2.40286696485242,0.673605887061535,1.73106014601539,2.62350471845871,6.38848769424489,"TCGA-EE-A17Y"
2.11627986487062,1.27840113525847,2.02205661236941,4.06914486669238,0.392155496668038,2.57288211855471,1.47015059825952,1.46300869689139,1.85075086942125,4.53226926978488,"TCGA-D3-A51T"
1.76028213132907,1.01585434537976,1.23519532525552,3.8301534087595,0.203585368381006,4.24093680654449,2.12603117924111,1.78505099436126,3.42373767949795,7.51616885825565,"TCGA-D3-A1Q8"
0.544851811893553,0.203890227146661,1.1406460870233,1.60358874111496,0.17239407178893,2.93093016266511,0.419305308533457,1.09820902909169,1.56281651056718,3.68349673731949,"TCGA-D3-A8GR"
1.06203675584882,0.185739709402782,1.65305614831292,1.57325414229128,0.3440070822208,2.55755588537202,1.18831118418168,1.57098084579043,3.50654598594909,5.75983282994991,"TCGA-ER-A19L"
4.01517933159502,4.77138910461546,3.81806092409595,4.01861821659562,1.11156410835325,5.1998793022523,3.5581043941044,1.5751052370536,2.39591378901624,5.67850840381138,"TCGA-ER-A19W"
0.847128115286767,0.194339249484463,0.781231153039125,0.946391288997682,0.111907113129846,0.628695918361785,0.180304745140925,1.08617918322595,1.91477319147163,3.79539984410753,"TCGA-GN-A8LK"
1.9988567091387,1.8073549220576,2.19224971969222,1.64772604490268,0.463506817390798,3.1313333875839,1.52962642617733,1.33795394942268,1.49563633873998,5.22703079060836,"TCGA-D3-A5GO"
5.22997123132462,3.9595939798935,2.76852173946711,9.07998428012645,1.24309090059424,4.5154977958224,4.52140264049336,2.04739331962975,3.54764546395399,5.95232562331603,"TCGA-EE-A2GK"
1.02497575846011,0.527270556877341,1.60847215422673,1.6138974383693,0.329442732636205,3.90048303933444,1.76413232459457,1.82791425947601,4.0265695201516,7.74067824705281,"TCGA-FS-A1Z7"
1.83072316094809,2.28048127430062,2.31878991425705,4.05843890977279,0.99655286338716,4.26038485733741,2.49120304230485,1.30160137648398,2.14030150645357,4.31417670717661,"TCGA-EE-A29T"
4.37822424606666,5.75258269334431,3.8472791707789,5.08374847232866,1.21583660677997,5.29582904543054,2.66187805308797,1.33397712203257,1.57785428391782,5.69677704934628,"TCGA-FR-A7UA"
2.84884217104921,1.66179519627855,1.62193355722126,5.73793001475489,0.214204657865539,2.32956422059656,1.47575595906043,1.32053728969185,2.73422741108248,6.05089638363074,"TCGA-D3-A2JD"
3.00668003432032,3.13919114526866,2.65069882503049,4.97471804564978,0.641837721348644,3.99904910687227,2.02510808817146,1.35198336731998,2.10301425188354,3.75069070110059,"TCGA-EE-A181"
2.75845479953897,3.84902846537622,3.0155592364701,3.55111899779265,0.863864663335596,4.48550551237326,2.73808193791762,1.48981931605198,2.96323987004672,5.4288386644995,"TCGA-D3-A2JO"
1.97670027261629,0.839153387389821,1.49330517132832,2.06364419458961,0.490504681587897,4.53382945811837,2.9098706575517,1.8544993517752,3.881395260669,7.26985643021266,"TCGA-EE-A2GP"
2.55695796116537,3.82916964882818,3.08752836228992,2.93386839223632,1.43947832656785,3.64881601815153,2.46811914639801,2.02414672241993,3.18987680436788,6.52521688129625,"TCGA-BF-A1PX"
2.10821023883225,2.60461697681565,1.91016764113968,4.76223699563408,0.949040712598482,3.45831346654095,1.8384720993484,1.20788548342703,2.57700075644241,6.15970060078904,"TCGA-D3-A2JN"
0.722453794017671,0.025879273023259,0.543808187269378,1.15888643476885,0.131993210012777,1.94791952942463,0.518567650591081,1.76816578496304,2.68393786748537,4.95137240229202,"TCGA-D3-A8GL"
0.844695945931749,0.253505262186697,1.23416926688053,1.93751625620276,0.146543378792241,1.05418098807743,0.889301883725392,1.60366804497107,1.49778031129432,4.72383024169035,"TCGA-BF-AAOX"
3.2826575807482,4.0709559896419,3.24337609066829,3.05735216342395,0.988596188440383,3.93014612407644,2.10721335919141,1.47949000462458,1.96486388902506,3.27210132361771,"TCGA-EE-A2GU"
3.19323207847135,2.33468267993572,2.28588218070968,3.01316039850846,0.64478315364112,5.31830388143022,2.17127038730871,1.74417171088237,3.0479907909544,7.63979869233815,"TCGA-GN-A266"
1.05606469888396,0.433386809157736,0.953627190247108,1.33912612235953,0.148832126987232,1.68546186626626,1.04943923945725,1.22685139553673,1.51963264178454,3.97441023865208,"TCGA-DA-A1IA"
4.30432826410368,5.56495427787196,4.31392285443148,4.29228765686186,1.78979459923426,5.03072929883714,2.87120302017804,1.54634687832312,1.84194567667532,4.46985430872167,"TCGA-W3-AA1W"
0.386600747940083,0.0985543072207295,0.607592654253895,1.25868930878904,0.289829490793171,1.11065098008437,0.303518499386843,1.40377492896985,1.99290340823769,3.85390328393884,"TCGA-D3-A3ML"
2.08601504839726,2.32337006906127,2.16378151938465,1.70606054986237,0.385108975467773,4.95153696039434,3.11572338168946,1.71377851253903,2.64209943215332,6.18099118331371,"TCGA-ER-A19Q"
1.18771442487058,0.311038030022305,1.90221559583547,2.29750011138274,0.238964364346955,1.84457910613006,0.48451092394421,1.58001676250392,2.01217486631058,3.91924533715889,"TCGA-FS-A1ZZ"
1.42546049946588,0.828062839795359,2.03677053732699,1.72471291155187,0.326628541602885,2.07540749979945,0.93694912842843,1.78678994732761,2.40066006301528,4.53886500209993,"TCGA-FW-A3I3"
2.90760448221191,3.08898959256785,2.21709298426158,1.37061059252533,0.596340330974553,3.92355853183108,1.25536500905533,1.98994996319262,2.50701027390084,6.54554052988991,"TCGA-ER-A197"
3.27799352910653,4.65075307264569,3.13673136130677,4.46579685014929,1.33326511975171,4.23936189285208,1.67873072224965,1.13554869607602,1.82737408588516,5.09919712363383,"TCGA-EB-A5SG"
0.955092448411388,0.218595201550857,1.15252525216161,1.49400191416221,0.0849592459485065,1.84723687589588,0.787606530191674,1.7358897073501,2.56319278632255,6.74677740495738,"TCGA-EE-A29A"
1.09024934969133,0.154583209053069,0.975942338456232,1.21005238743643,0.274848778987989,2.53574403292031,0.801537335968594,1.92196786925642,2.13272360050043,6.24676781773088,"TCGA-FR-A726"
1.15950600696779,0.133300476229776,1.50232135915946,1.30938346035205,0.330248538684098,2.12609627076046,1.58553816812152,2.42695123476128,2.36947237616076,5.36819526326316,"TCGA-EB-A4IQ"
1.7887740880199,1.76243386516611,1.97119211678869,3.16354188392067,0.532041491041522,3.17034522153539,0.829660261023202,1.42735384165741,2.98917841410111,3.97647143038225,"TCGA-EE-A2MS"
2.38734766016523,2.9495536085601,2.38365257909128,3.80832833740891,1.3091266250983,4.01734546592117,1.42787159846796,1.49019404444786,1.99872606239649,4.92249209314863,"TCGA-D9-A3Z1"
1.09508470878077,0.938398718582939,1.53892820284668,2.23702356685222,0.131083715161684,1.27122352015151,0.531802811175174,1.07205960675878,1.22711889961924,3.287649385175,"TCGA-W3-AA21"
1.15610077561464,0.218595201550857,0.820483280401179,1.66967806454408,0.11566727989772,1.51374817406255,0.57138830601876,1.6298640586755,1.43090737082757,5.54725210348719,"TCGA-EB-A82C"
1.50112991244908,1.56915079356325,1.75148079698296,2.61023684444339,0.380593894320989,2.58719811212551,1.03659397391498,1.46075770940375,1.99628935237542,5.06792964093162,"TCGA-DA-A95W"
3.39874129481559,3.1413346895631,2.44776290201734,3.03166133849846,1.74352231325502,4.58135723270783,3.16057338477481,1.86534963896708,3.72370337455257,7.93213670548648,"TCGA-ER-A195"
2.29572421965538,1.49021069545115,1.62581612462507,5.67407353463218,0.629518877544161,3.08444217349333,1.44115195663423,1.3944320051345,2.56760518040062,5.7981198392749,"TCGA-D9-A3Z3"
2.18385076753032,2.53129411633474,1.96359719088829,1.68066927737161,0.581701351048669,3.63973820606269,1.39425537147374,1.40858328237023,2.50016655618725,4.52241851084616,"TCGA-EE-A2MP"
1.81203516562793,0.762391341031846,1.54816501060045,2.10586024848237,0.240456236727659,3.35273927662592,1.7126383330874,2.15243991159741,2.49534044375984,6.11739663572848,"TCGA-EB-A3XC"
1.74904555492884,0.931153530520226,1.59999886068003,0.443864702089854,0.466543088365212,1.84659192389313,1.8777868774552,1.62564122915241,1.18567763532514,4.13404719026845,"TCGA-EB-A51B"
1.5484262115844,0.418783638511739,1.54835706642077,2.65635608623785,0.373540131002703,4.23722344847795,2.11571682283338,2.53490454487283,4.09778938859295,8.43950086283155,"TCGA-EE-A2GD"
2.24775865790694,1.8185233820663,3.37781606597588,3.39702761361311,0.639507066098698,3.95351023137446,3.11063048520363,1.64745954148598,2.9901960620099,6.00308243743901,"TCGA-DA-A1I1"
2.55412450835223,2.22727899446832,2.22438206258162,2.73043932913479,0.457949257401819,3.22620457363698,4.1174271802353,2.53290770460854,3.35871748564029,7.19881781624508,"TCGA-EB-A3XD"
2.36754151650593,2.79204321751819,2.46043202562063,3.89079147278297,1.0043965406098,3.5941187580203,2.36391837470377,1.60281174254764,2.9452854245853,5.13103261452509,"TCGA-D3-A3CE"
1.86555572519807,1.71087805019588,1.61604550016112,3.216125090924,0.515496674595534,2.62008686847043,0.761119439753849,1.16983696500404,1.83818235300453,5.11919634196457,"TCGA-EB-A82B"
1.33547518536228,0.421694581180292,1.63787638153063,2.17308560170511,0.311949413684714,3.00863589411909,0.924835976766697,1.52742526202869,2.13795579553744,4.8674335907384,"TCGA-GN-A8LN"
1.40906709378781,0.409255146684838,0.834648267238534,1.91697368654446,0.205334169390485,2.51718138408384,1.36223940744944,2.2443033292876,2.03451886923753,4.84641493694356,"TCGA-EB-A6QY"
0.798850995753861,0.172615521813478,1.64724593129223,0.945885553688859,0.229849348670029,1.75382930871043,0.78559148400103,1.44461088173017,2.47875897857182,5.46753325152403,"TCGA-EB-A6QZ"
1.98522188189678,1.32797472500578,2.12640441605878,2.07025297701392,0.439047591062483,3.27921522261965,2.06156328460673,1.56900372437263,3.41368584261607,7.36820017726316,"TCGA-YD-A9TB"
1.12154090853912,0.0749164020524617,0.782803313477135,0.968998251746875,0.0844464820141053,1.29463624368359,0.420922420728531,2.02805909720742,1.89764508213805,3.40403687637763,"TCGA-EE-A29E"
1.98086155253113,1.47985138673735,1.31699313180025,2.46224486726276,0.229738046600425,2.24527559301955,2.28008328791068,1.1952033702994,1.40728152620846,4.48080605340109,"TCGA-W3-AA1Q"
2.0707706398191,1.37756801412884,2.28788954236947,1.52944843570654,0.624482976258146,2.69713134697551,1.87614261490767,2.53833845571279,2.58303185240075,5.8056920917777,"TCGA-EB-A299"
2.66027225884911,2.41356700454544,2.41205373290887,3.53342530187209,0.530650780676515,3.37928722106466,0.875903669870419,1.53469372594315,2.00342123549185,3.56921285514482,"TCGA-EE-A3AE"
1.46960374765025,0.438399319609223,1.22477047126557,1.02845241084717,0.11922463609511,2.8566821650365,1.54259606033733,1.30338046313671,1.77635047530108,4.34617260247798,"TCGA-EE-A29B"
4.10323193907183,3.68806843065787,2.89912630115979,7.16387860705914,0.658386983363779,3.77657715678333,3.97709185994318,1.95672377394722,2.98056137347889,5.84362429870963,"TCGA-EE-A2GL"
1.1467464202508,0.183454754174942,1.19645710702216,0.782008348799648,0.616723601389571,1.7499217957778,1.52423105787833,1.61938549224493,2.44087735940638,5.09354143699117,"TCGA-LH-A9QB"
0.575664804163279,0,0.792159272509808,1.45477363657324,0.068484359711444,0.809619805609555,0.249400270895027,1.56925256500223,1.71032253439279,4.11707068625064,"TCGA-EE-A185"
1.18348951329701,0.404358194833312,0.850582358512268,1.07646213416096,0.0596509107495844,2.44631843490708,1.48076240451528,1.03045839697044,1.32153363369484,4.25174876063637,"TCGA-IH-A3EA"
1.5821580430524,1.00281051596638,1.89234657551097,2.11330181660557,0.44244384214247,2.87071702494962,1.84620307374579,1.52004747815166,2.19976957125931,5.16022864976915,"TCGA-EB-A3XB"
4.35046728630254,3.84443587125417,2.66644981308566,7.42820818510977,0.626413106962468,4.98551531145089,3.13369196463525,1.99343238653337,2.64673572888828,5.1617094332703,"TCGA-EE-A3JD"
1.72557421119194,1.48552987313585,1.30803847341276,2.75408809839344,0.360621740785849,2.18526939889203,0.895596272359996,1.16050342734815,1.80651151757441,5.14886881502073,"TCGA-XV-AAZY"
2.10304209127095,2.05765821323945,2.23467504367761,2.22457217142472,0.893363754439604,3.68662495395609,1.64019762729814,1.46789229435299,1.98719008438478,4.27515980648083,"TCGA-WE-A8ZO"
2.20965267971465,2.32137976658285,1.64867258349393,1.87108723509826,0.208689396151794,3.19576755402987,1.8349097133988,1.48649131791618,3.08607021814988,5.58180521399894,"TCGA-RP-A6K9"
5.55645992888229,3.98471693619622,2.87251461720031,8.69734461232282,1.18788505996485,4.18055351680926,5.13550875532595,1.84118825285275,3.10442432325008,5.44116846464426,"TCGA-EB-A5VV"
2.12918518075482,1.95928794004168,2.14560337241769,2.60681923157221,0.591769881669176,2.91601566259966,1.26873193492302,1.40414302212171,1.98919255547747,4.76961723977068,"TCGA-EE-A184"
1.81553962546248,1.013998146041,1.58365500198103,4.15685989650981,0.450353928791696,3.23088838357785,1.74042445457215,1.98954698072412,2.40561745552614,6.54827491751036,"TCGA-HR-A2OG"
1.56129587127244,1.21865719295879,1.57528263774445,3.39934860752073,0.0370308180174238,2.21953346908121,0.597074323943307,1.12313677099619,1.90929445391287,5.31493053032962,"TCGA-XV-AB01"
0.795834965101725,0.0184917490398792,0.203046978976643,0.934182714832036,0.276522794010837,0.880806857060858,0.461496210203807,0.772291201526505,0.752943466583547,3.22544527162955,"TCGA-D3-A5GT"
2.34978100963336,2.34953512964875,1.86640418205004,3.81987218902145,0.791305955977299,4.46294458414547,1.86738287052213,1.36728351902621,2.4613976394694,6.72960366815701,"TCGA-ER-A19O"
1.91951132619959,1.47632983775714,1.72086479425193,2.53423652992825,0.580334840919782,2.73945499434219,0.791912971704322,1.72986389510296,2.5522304411877,6.03022062610513,"TCGA-EE-A20I"
1.92149622186822,1.99160800839316,2.10988257756944,2.76941684748445,0.515655662791332,3.23574988349846,1.12020179083059,1.48926000549523,2.80820371157648,5.29411525299878,"TCGA-RP-A694"
0.955342442697579,1.12068370880198,1.4264550461366,0.852263298495485,0.287486361281958,3.11677976844707,0.616429137477575,1.6355530921644,3.04554882975755,5.70364309795211,"TCGA-D3-A3MV"
2.27905568525478,1.82501218447066,2.73114078375497,1.2510873826249,0.284157208392249,3.9450682730396,2.08771142505661,2.04918479111407,2.6728560009374,5.1489618725108,"TCGA-XV-AAZV"
1.01059716378192,0.311968051031716,2.37312779504223,2.35209390770759,0.157784496863242,2.07825289307707,1.27785118506393,1.60117101766983,2.72983732802,4.85657511999778,"TCGA-EE-A29Q"
3.60305677380488,3.92278774817795,2.89509940546153,6.21417075674444,0.799076346951314,3.94494191465494,3.00542894056949,1.31704604780659,2.4288285181674,6.24085512820209,"TCGA-BF-AAP0"
1.9706539570133,2.42142529605755,2.40223231342562,3.20692879169811,0.434073644362977,3.2514257521778,1.64058311334777,1.42358953763975,2.9634153109106,5.36681473783085,"TCGA-GF-A6C8"
3.20571874403258,3.41868920408054,3.61058242973253,5.18840321342715,0.99592437893991,3.21020500064892,1.99557807605571,1.50279108355183,1.77630265497452,4.39311048616859,"TCGA-EE-A2A6"
1.36418868166082,0.57773093149008,1.0907273588011,2.50860942764144,0.260446990182238,3.38971490340061,1.3394474750452,1.40710548130383,2.82553508975164,6.21229244290769,"TCGA-ER-A19E"
3.39082497481904,5.21941637160742,3.51993541177668,3.64504954277756,1.50005395840996,4.21394076664617,1.79927134890708,1.21240018260635,1.82454462181914,4.93303066452354,"TCGA-D9-A6E9"
0.970428699568116,0.837378159753807,1.87769273845474,1.69498666364904,0.242214015410786,1.24810834590418,0.38069811955756,1.38702107126734,1.85124435465301,4.46164129573066,"TCGA-D3-A8GP"
1.55844808771148,0.468843942974637,1.72562901917657,1.53701121896326,0.273395249030578,2.23048916356332,1.59171550113919,1.59660282486098,2.44222413353618,5.70138940096889,"TCGA-FS-A1Z3"
2.62794010884959,2.78219885563986,2.49176831150039,3.43709746519657,0.65077152789316,3.30289815814931,1.9243891053253,1.40528983050199,2.28086540479021,5.43362133268369,"TCGA-WE-A8ZX"
2.15497550007399,2.04113782569983,1.76598577142416,3.72239081015963,0.643032573897239,3.10632429377345,1.72428426611625,1.62666087086319,2.5192150352171,6.25877765229276,"TCGA-BF-A5EQ"
0.934695822872507,0.27953072572999,1.44005269942186,1.38443006269823,0.0998579305475153,1.94909812856307,0.994728861346779,1.31361186599986,2.21454366558249,4.05300318612419,"TCGA-FS-A4F9"
1.94887980660031,1.67865788095471,1.46026777091539,1.9963389081238,0.332196956699405,2.67353881430136,1.50250478800244,1.36766296397733,2.31638426285913,6.6061940171413,"TCGA-WE-A8K5"
1.72357497672518,0.682393511062731,1.1012171339584,1.79183191556989,0.386094240391224,3.83724694185143,1.64400877274689,2.12046858666289,2.34208473957958,3.94921542970807,"TCGA-D3-A1Q6"
1.10486320096369,0.372840688587793,1.08565128519143,2.14747089642544,0.105794431265047,1.83188593193381,0.819158908695922,1.47317885815583,2.12973104553988,4.07016498492094,"TCGA-FR-A8YD"
2.23218486619245,2.42639895265028,2.21316773644592,3.53883388002477,0.508047287995095,3.26788400463217,1.67408154034555,1.60947852024152,2.80257015991333,6.15057222610442,"TCGA-D3-A2J7"
1.83359585802354,0.72159139877538,1.09949589389918,2.90417530709824,0.339811026743491,4.33139512590234,1.39648840787256,1.59028684615909,2.60994675404732,5.09384012813947,"TCGA-D3-A8GC"
0.800127711508088,0.252900028700081,1.17997188815536,1.03794393931848,0.149842042195244,1.8014197439641,1.25236921418747,1.50688862293184,2.61080000324776,5.76985988075818,"TCGA-FS-A1ZE"
1.61928317110274,0.58928410667125,1.10279593767353,1.74146746652005,0.242132780727374,2.77425776856443,1.52154514888368,2.03831101275775,2.56985401504872,6.28824458060387,"TCGA-EB-A1NK"
1.5822754561275,1.31208426151475,1.48601437703088,1.64987755577545,0.263492540551432,2.69653004992832,0.767314399518723,1.4364093807707,2.66931397865542,5.72042059101633,"TCGA-FS-A1ZJ"
3.02496788708853,3.17941550438976,2.78403114752577,2.30443044916931,0.762240884036651,4.16956267032846,2.35826381896294,2.03754903459541,3.45433474280116,6.85313826814023,"TCGA-W3-A825"
1.2466659904071,1.32227430015421,1.10219645437059,2.31069832410746,0.205538369657508,2.5257609196776,1.41542587422566,1.28041495299469,1.86442770600953,4.06863423283081,"TCGA-RP-A695"
1.3027029638011,1.05206804724387,1.59063071201673,1.5990434850728,0.29411903392594,2.24328285626002,0.774665915032113,1.38794270799355,2.67282445876466,4.66221907372933,"TCGA-EE-A2GM"
0.587673565912978,0.0427843980892395,1.37261327512248,1.31345762546832,0.0675663346073067,1.05911075241912,0.458698064313377,1.51005398596597,2.79355750365916,5.79003182040764,"TCGA-BF-A1PU"
1.43898443216212,2.2402532615845,1.09769902709631,1.8848086896603,0.0982214519404419,1.99586433787466,1.11923464547355,1.07171239206314,2.04638272042943,4.5123606762588,"TCGA-GN-A267"
1.45041324653124,0.773911954513126,1.23528511857452,2.33977611884808,0.20071686232038,2.81997938866274,0.745541090664867,1.72317143105422,2.37253467495952,5.78802975432423,"TCGA-D3-A8GQ"
0.793021920265236,0.65599288396231,1.02576965296424,1.02524642488303,0.131958182936449,2.64098408082441,0.875283632268446,1.41401614651334,2.04267541545389,4.63634593928867,"TCGA-DA-A95Z"
1.07003132642818,0.532067552289031,0.965402808136016,1.76047273974226,0.175445996879375,2.19872140662207,0.467522027085151,1.37970407316411,1.93013431013205,4.32309093708033,"TCGA-EE-A17X"
1.13210038746819,0.0963968041871571,1.42335699861087,1.72586835486708,0.0881102269531992,1.65982354802693,0.159261546889081,1.38899613797492,1.70040550341831,3.64362099034436,"TCGA-D3-A8GK"
1.73955675061131,0.895767931784329,2.6600236263054,2.31590443094702,0.436954157962233,3.78981101452518,2.62530197643932,1.92413986651171,2.44248156882084,5.18263523228637,"TCGA-BF-A3DJ"
1.618404269396,0.886589164918182,1.85878238856649,2.83556707662402,0.317559265356477,2.54289872655203,1.52852757379341,1.52246604249459,2.17322211634845,4.10548407546013,"TCGA-EE-A2MT"
2.05287365519389,2.0742656523049,2.27768276473475,2.85450373573925,0.441179841856879,3.47375967193328,1.74042831298411,1.33883000214794,2.4830136585026,4.6920463562461,"TCGA-EE-A20F"
1.39952151547459,1.50456954762951,1.31174615786057,2.25049246101054,0.28652647507374,2.9033634137129,0.981600592866651,1.43648330729944,3.38892656874395,6.93213684899154,"TCGA-FS-A4FD"
1.22600216586852,0.970853654340484,1.35598531813698,2.13418548951405,0.583578982240545,2.556936917048,0.58765223965811,1.38029394330586,2.36278363056162,6.98648763865115,"TCGA-EE-A182"
2.36266991853756,3.26695141070718,2.59906718992707,2.17538457073834,0.901241585678616,2.96539123208685,1.88729059162038,1.5902633718486,2.28834531116696,5.74636329334808,"TCGA-BF-AAP4"
2.26267570467747,1.39720057253339,2.26044784036859,2.24384055342789,0.410402843452913,2.67606690177993,2.19117734971641,1.57622029782592,1.76741487605966,4.57116568175174,"TCGA-BF-AAP2"
2.27224481856709,2.17075831786437,2.57785328438819,4.60840148514894,0.796255168197665,4.30253737875087,2.38392307444918,1.62880136949669,3.92846790281782,6.84309644012458,"TCGA-EE-A2A0"
1.57320038569693,1.38189244335967,2.01942091795642,1.72924954238454,0.582173069775462,3.06538657240256,1.93752049486952,1.2850684775441,3.22900487296707,5.5828089108114,"TCGA-EE-A2GS"
1.11587095782846,0.484705299252782,1.1591698717667,1.05037766748788,0.155611175878057,1.70173701501715,0.370037929600914,1.48938491668184,2.04289806043299,5.20887779071021,"TCGA-BF-A5EP"
0.996767732797991,0.284514133244245,1.16962359928489,1.5609557314989,0.15066980165822,2.11835684623779,1.7061369884744,2.20942044812348,1.86653157162787,4.85560585367961,"TCGA-XV-A9W2"
1.49993712970619,1.01806438936036,1.94770122714022,1.18570145937278,0.427449974712367,2.69642729028127,1.02937377344214,1.49346788429157,2.61443226136035,6.32386241980354,"TCGA-EB-A3Y6"
0.217989622753864,0,0.607433028858746,0.849310590641045,0.0451249217226003,0.643589871882579,0.33600692612466,0.805188366186752,1.34970209478503,2.23877429457295,"TCGA-DA-A960"
1.8394715579611,1.10715219863491,1.94340966698794,2.62638703291401,0.517854959352745,3.62673342460439,3.50606543656295,2.96387669780695,3.00615406452645,6.40362073613534,"TCGA-EE-A29G"
2.59412443092648,2.39281197630273,1.92849275642012,3.15234331071014,0.550861346509782,3.69957240990254,1.0909645496938,1.3940992864101,1.81486700776765,4.5004168976866,"TCGA-D3-A51E"
3.56035927130438,2.41540714252455,2.61083597308624,7.24858379758126,0.57899395301226,3.16059934118137,3.33305987536287,1.4998375855245,2.29158243002241,4.78718964271633,"TCGA-FW-A5DY"
1.37984059844949,0.459851250705668,1.09637496319884,1.7523589504251,0.218078388579985,2.05743716147696,1.14515674077539,2.00565554418972,2.23208632676979,4.98960791966058,"TCGA-EB-A431"
2.71764659197886,3.11909052403687,3.39236160814802,1.54029595667949,0.988682168800845,3.96548514042134,1.70240081920168,1.7232319592449,3.18524669520085,6.63929909694116,"TCGA-FS-A1ZM"
2.65376465130625,4.46731209073882,2.97325085361926,2.31996493266066,1.11012290666111,4.18064832507395,1.49171283592315,1.65407427716198,2.1213362041905,6.5263118694191,"TCGA-WE-AAA4"
0.476243564355558,0.289480386137595,1.4788316262282,0.57239961722667,0.0536323083700475,2.04693253321716,0.57460347906477,1.41017975877811,1.72414782399668,4.9885089334519,"TCGA-D3-A5GL"
2.72811293723459,2.80807608930126,2.12392896544233,4.18096534661012,0.391599778232099,4.96987576219883,2.54006139130843,1.56882802226144,2.24842624844312,6.18189911207618,"TCGA-ER-A19N"
0.812956629497011,0.239520246898117,0.862484019998159,0.938931613443383,0.174660883374794,2.13134383852583,0.380578856031831,1.31440933769729,1.8560152035518,4.6464735529159,"TCGA-GF-A769"
2.39028950340787,3.18324829528156,2.74636230083938,4.33587998322104,0.717745812553429,3.28292130547168,1.33820265565812,1.26956700159814,2.37378631975369,4.55302042016847,"TCGA-EE-A2GI"
2.40043863153557,2.29927396865315,2.18598149788602,5.18536652600597,0.410249422603433,2.59886541658177,2.23354907769841,1.73075905889645,2.68332080099587,5.21698081351913,"TCGA-3N-A9WD"
3.16064945552591,2.72704913033868,2.12188443751224,6.07593885244443,0.532722210398975,3.92475110459276,2.66965359277583,1.52013167524256,2.69579881151853,5.77105807315831,"TCGA-EE-A3AA"
1.15762895076455,0.311270591486641,0.745601738768877,1.05709435888077,0.0858385113013052,2.52134882367813,0.609879131637117,1.40155125004492,1.6081422731381,4.0523078263478,"TCGA-D9-A6EC"
2.14035670731441,2.57507024745155,2.67633502553526,2.18084621976326,0.638094043698982,4.3826489210765,1.97466508909893,1.68430705095338,2.46704332685174,4.75814954754279,"TCGA-EE-A2GJ"
1.62897909343496,0.492827387922512,0.725166479112137,1.67451654880379,0.281342404318745,3.16883700552168,1.60335092221645,1.57693974368719,3.05862238670158,5.24015836462782,"TCGA-GN-A4U9"
0.957354521476969,0.216237552053823,1.62643195314536,1.57155921756144,0.255919467989765,2.94538214107333,1.61127736340062,2.37189970413857,3.0582734133657,6.14128951191721,"TCGA-EB-A5VU"
2.18542567964487,2.34289603673962,1.82058107661393,3.35948202356635,0.491482566559789,2.25807150300241,0.780834916292393,1.20334895122897,2.09707715646058,2.99144860894263,"TCGA-ER-A2NF"
0.487573545709692,0.0908534304511135,0.770919905117447,1.19098122310595,0.187408623933648,2.70213509348578,0.60017812650015,1.57291868457631,2.96770226351926,4.6697244964091,"TCGA-FS-A1ZU"
0.879188723912507,0.659285248083543,1.11153129511931,1.24239832136572,0.331386938453066,2.74397766464258,0.977722964043015,1.35862093537166,2.00905011250357,4.86434875957264,"TCGA-GN-A263"
2.77511152318153,2.86860775466789,3.52713428494664,2.55961066692355,0.676586509861044,3.78843222186561,2.04058654562605,1.66256962857439,3.09918540186991,6.51491280460197,"TCGA-ER-A193"
1.52652225408522,0.656999681494036,0.693610493573235,3.30576198172118,0.173740577835617,1.71223968325581,0.816460059072074,1.35605903856044,1.965938713478,3.96515719840332,"TCGA-GN-A4U4"
1.29901434239755,0.588516766693908,2.27752583981846,1.29761257793244,0.308749878654358,3.56491033319967,1.7035368795757,1.7130457717277,2.42202811926831,5.00748842759997,"TCGA-EB-A3XF"
0.906966611899561,0.273933569266885,1.8532714562207,1.34198874671577,0.201217446528581,2.3226576038955,0.864684980060636,1.31990999454314,1.93961461543535,4.6076395723725,"TCGA-GN-A268"
2.22391442505633,2.92419492170948,2.4866893705493,3.57740523524425,0.425265598615931,3.76695859855866,2.21736896654626,1.3943866032507,1.69358801619784,4.03916056685923,"TCGA-EE-A2MN"
0.766159192872558,0.0976107966264223,1.31393578614867,1.02577084409295,0.362236209376022,3.63293011193684,1.45974348625074,1.5847950336516,2.70205769988473,4.71751900088031,"TCGA-DA-A1I8"
3.08489984305842,2.96191961519888,2.95244673545152,4.38863727850146,0.874540962156851,3.58092084648457,2.84465008486988,1.71992345518342,2.40428605331857,4.16142444054977,"TCGA-EE-A29M"
0.419635081910727,0.0439043942956211,1.05190058404045,1.49243833494032,0.412427330522719,1.38762515240404,0.747955104773393,1.27119827791223,1.37565309048487,2.35612616950262,"TCGA-EE-A20C"
3.26104944375948,4.6184618566168,3.23253254899958,3.53135181673887,1.62758544228937,3.84495372123994,2.5283079419755,1.28137053271452,1.93443119384812,5.16457231760106,"TCGA-D3-A8GJ"
2.84394893992541,2.77268802604778,2.50598608139868,4.91229273079761,0.787695123926043,2.97577888649093,1.51423297970414,1.63575593982642,2.39974100952356,6.0699079723683,"TCGA-D3-A8GB"
0.643401694853819,0.065296567127781,0.35676044231058,0.836298429195807,0.0192695770251202,1.91624556915561,0.369110275780956,1.62658104366549,2.12664150321068,6.19001150142059,"TCGA-EB-A5SF"
1.33640973491003,0.272262124974296,2.08881743281447,1.06411274027716,0.176958528182435,3.35050433679484,0.780707667377066,1.75665754787579,2.34808580015196,6.00069861941869,"TCGA-D9-A4Z5"
0.772264341995059,0.228356954201048,1.71640113195037,2.8938319706021,0.127286374636449,1.3185193563959,1.39033972255338,1.37226811456663,2.44240748141919,5.54949050834453,"TCGA-D3-A2JE"
1.29136408656939,0.102053382729188,1.13251867072236,0.718693694607365,0.220322780862772,1.44144405838136,0.486275504763752,1.65176185823499,1.93106409922123,4.67561715289999,"TCGA-EB-A5FP"
2.01266197540534,0.610700062134765,1.15331443233014,2.0593302974993,0.26719654106763,4.49193518881457,2.46590573756664,1.59617997866704,2.98319083556512,7.25337410501386,"TCGA-EE-A3JB"
1.77181548641966,1.35309741124371,2.71341673986196,3.08223547832248,0.386551029316041,3.17255248679166,0.939747171784772,1.63468259172161,2.9553433161867,5.44567934152379,"TCGA-DA-A1I2"
1.29903526011365,0.363899951686622,0.938622162931509,1.85326806402701,0.126563078645098,2.10965446052128,0.55695773158429,1.44036848354153,1.69987805549057,3.96830116043028,"TCGA-DA-A95Y"
1.52957097834735,0.641546029087524,1.92745226196828,3.53154881228956,0.706531709807581,3.32313144525202,2.29918990731352,1.03341918560263,1.70071058778248,4.0330930535705,"TCGA-D3-A51N"
2.7759227144927,2.56005458698727,2.49439787857971,3.29504313539206,0.6089261209253,3.84407299757578,1.42203911844866,1.59657686654194,1.97922030966781,5.27665802957921,"TCGA-D9-A149"
0.935081670979969,0.115299644025547,1.28592737581837,1.30422533170137,0.137905807582316,1.70855054655519,0.615082994515933,1.61525884333307,2.5451798398151,5.45955041428546,"TCGA-FS-A1ZK"
3.97931649765864,5.44885471017841,3.84297220851524,2.42148168011915,0.858549326957624,4.36695463811492,2.51527146663888,1.7134361642216,2.98483874401489,5.19876460573796,"TCGA-D3-A2JH"
2.13911741706185,1.13592881552641,1.9222471678423,2.99690470152816,0.325809589173343,4.68506671027672,2.87124269616391,1.85379794366637,3.03015320003425,6.06350411209382,"TCGA-EE-A3AB"
1.88632854447506,1.68216874669552,1.83562067622585,3.28213688082586,0.524206437831002,3.39904342240781,1.64412974119596,2.15737195803622,2.91510969537531,5.43974698483052,"TCGA-FS-A1ZA"
1.82581000999758,0.444030911158393,2.69023251265362,1.84906871692319,0.804265326698528,2.43358700365559,1.19486661598788,2.02778198413262,3.35314293349183,7.04229940814721,"TCGA-D3-A1Q5"
3.14487053706731,3.76343282166319,2.72934046505455,5.19377276677616,1.15897847724878,4.45027251382917,2.80786145647011,1.34615696296752,2.45698494006137,5.47188629506585,"TCGA-EE-A3JH"
1.57227646849304,1.42023984402628,1.53068530971325,0.886254916807173,0.674922894020163,2.49289025283213,0.805949095543443,1.52755709278582,2.21248327443538,4.94341685381075,"TCGA-EE-A3J7"
1.13013115921943,0.914947150479577,1.59666259112613,1.41116253370343,0.131461897795394,2.7449540612084,1.98786796873916,1.3410997482054,1.85928072481655,5.14702845478967,"TCGA-EE-A3J4"
0.950034785815041,0.702746185524261,1.68007673186336,1.64866159187666,0.27530235349769,3.21791807424766,1.76106334210788,1.63629140632245,2.85784322466771,6.35484185292988,"TCGA-FS-A1YX"
1.30184840094948,0.859890058701135,1.46855210982181,2.12387779055795,0.453753511304879,1.91283055133935,0.483838253251762,1.45599208117434,1.66661255871439,4.59443287305576,"TCGA-BF-A1PZ"
1.13012216545529,0.0781999199213715,0.744519190607528,1.54130483164737,0.0863311404902009,3.015789391108,1.14372232189288,1.47966035916614,2.3846977670394,5.20964040996377,"TCGA-FS-A4F2"
1.38422424902624,0.373731722378729,0.951103886336692,0.761701892658325,0.109850143436836,1.52105106066768,2.49729745793773,1.83355691673028,2.71692914384889,7.75466017138213,"TCGA-XV-A9VZ"
2.47975126389676,1.57565117898823,1.71635391898382,5.06840718930718,0.490228120374025,3.16500844978203,2.28201969549107,1.56509124534656,2.21970246852818,4.19666381918109,"TCGA-EE-A2A2"
2.20759127277686,2.52428939273945,2.92371086300034,3.67826901138014,1.34871617314883,2.75196470037995,1.53631779234615,1.15035596084613,1.31811663510976,3.15382316440764,"TCGA-D3-A8GS"
2.93672651300764,2.4774701033419,1.83658741356027,5.73191446979312,0.493002817607005,2.99767557257654,2.51784689041621,1.55720055172507,3.26026612127493,6.10886222418925,"TCGA-EE-A183"
1.40556190085351,0.951140146766206,2.2603606048493,2.19802663179704,0.371312805265797,4.20699187196249,3.69997832867723,1.41342952201112,2.33843482648686,4.30031444269536,"TCGA-EE-A2M6"
2.76564748725792,3.35233480531341,2.21793394139426,2.99284394467358,0.636845057574644,2.87433610654073,1.75790266995206,1.77296177895643,2.95058761678218,6.00612085374342,"TCGA-EB-A44R"
2.77165845075799,1.73976171118813,3.04775189482103,3.84175532248983,0.760154246237822,3.67911530453641,2.70125230015362,1.38532379117589,2.49570220356989,5.37941569589839,"TCGA-Z2-A8RT"
2.20852814882253,1.77627246816688,2.59998756181112,2.39327966571846,0.51065553457349,2.6435659433183,2.94366184210572,2.39622002316809,2.55826640474601,5.71631017159785,"TCGA-EB-A4XL"
1.16227020008545,0.0461417816447206,1.17014945553939,2.03342120019437,0.12728224632213,2.7877679644127,2.34972594699674,2.82901385653082,2.36613943974418,6.61314361031417,"TCGA-ER-A196"
2.0994680629765,2.30424817868671,2.1646786352908,2.95815023319837,0.664477758843172,3.04757106947217,1.5319110530927,1.56817075389802,2.89850670674603,6.27692545543153,"TCGA-D3-A5GN"
3.37440468611271,4.51677160688688,2.79405539560282,5.56714131369962,1.16611936255709,4.3821906016122,2.63934916714715,1.49309364109768,3.23052004309611,6.83381014489236,"TCGA-EE-A3JE"
1.98993916499652,2.46315159483731,1.91863399141369,1.72188214585617,0.395821462124375,2.8164433025925,0.886193879783039,2.82961446893966,3.35567945272331,6.10401876906336,"TCGA-EE-A2M5"
1.79996630434381,0.598079306117196,1.27157178178246,1.69326664646696,0.521520775745245,3.33445230231951,2.36233484028532,2.47519003075861,3.88902127086314,9.57005534480745,"TCGA-W3-A828"
1.30668083908847,0.129348967210841,2.6825029646514,1.47567279618786,1.50821008041284,3.46928594008016,0.786227823413685,1.82173760650261,2.99553005180281,6.66582723251453,"TCGA-FS-A1ZD"
1.19440423306681,0.403049528896524,1.93392710976939,2.90675794460814,0.343471888065873,2.30942534484208,0.709433479834074,1.45922802285884,1.99390234190975,4.36795063487897,"TCGA-GN-A26D"
2.89779565132665,3.28344770837798,2.48362458931834,3.90606688704584,0.639978758975322,4.24658006768053,2.09599448723301,1.56033706259883,2.23335810978554,4.26829308696199,"TCGA-DA-A1HV"
1.1076879688216,0.104336659814736,0.729427765346627,2.64786743197624,0.0781651932580416,1.34743766277143,0.410403097174389,1.34218276764768,1.7955085833396,4.90895776249383,"TCGA-EB-A5KH"
0.887974088688385,0.61541629726287,1.81342303137722,1.10864243714175,0.332487941821491,2.46351881633089,1.10263828414857,1.70009667592387,2.27933400323397,4.9160377335772,"TCGA-BF-A3DM"
3.30159469322249,3.42482805474321,2.89081361160222,6.18601209809749,0.858940984832715,3.59873496542208,2.45045176871792,1.55988174285525,2.28413117794013,6.78804301881761,"TCGA-EB-A4IS"
0.760606489743367,0.0890913185646892,1.2068497442081,1.37092096843958,0.0970899458541299,1.06578895356775,0.39205615953735,1.57183409035956,1.94221139246591,5.21561836800762,"TCGA-EE-A2GR"
2.40648902083924,1.47337131403391,2.1053980187712,4.42176156395296,0.523595442854587,3.0355619659347,3.48299812803994,2.99094071753336,3.0382834379213,6.53288023282249,"TCGA-EB-A44N"
4.86630064298447,2.61402661041959,2.94840536551075,6.50458526401622,1.01390007617745,4.37960056674317,3.98696021741574,1.67731970794634,3.18275346596959,6.16809530046819,"TCGA-FR-A8YE"
0.893918932544255,0.0757379823940781,0.386315697537564,2.02331231927654,0.0635894981073509,0.828914974967238,0.245489629034815,1.38270701439219,1.41164217175651,3.56401904465798,"TCGA-EE-A29L"
2.64864966588049,0.869397666558453,1.61416561201226,4.82391509316609,0.181286376369249,2.39138341342594,1.75990517339277,1.48683927378936,2.20494408753385,4.60006107590392,"TCGA-WE-AAA0"
0.682209775113012,0.134220939760633,0.770861174501886,1.07127410798366,0.013066793565308,1.34422030295432,0.165762623860397,1.07748911658092,1.65792160520377,5.03208070000353,"TCGA-BF-A5ER"
3.44061048674409,3.95648419196754,3.15341320203631,4.23824791230919,0.890737476021415,4.43132637735586,2.63609724100833,1.58816653438779,3.65697925624821,7.21687684161221,"TCGA-D3-A2J8"
1.80238729850863,1.26831461317523,2.1061394553957,1.90893961744487,0.391640388700967,3.25684375275387,2.36965766824512,2.19630093074087,3.00800170099519,6.66619634225219,"TCGA-FS-A4FC"
0.631877582902367,0.278341658621642,0.95092986806625,0.459986500300001,0.207022430325367,2.60850786448105,0.61201559690332,1.5865169858249,2.31455197299265,6.35998086451003,"TCGA-FS-A1ZC"
1.87499526964713,0.732746762150061,1.61077936126014,2.83555318370521,0.203947226520697,3.14450398172582,1.35090831932563,2.07577733337358,2.57396082488564,4.93874363532298,"TCGA-FS-A1ZQ"
3.87512132298147,5.26445386024152,4.01555575081223,4.54842732016348,1.44368945786504,4.30345676823033,1.9648870677273,1.47616655802706,2.35364378268344,5.1552089680347,"TCGA-DA-A3F8"
1.87543899858565,1.23640077280268,1.73831857269676,3.47557930949067,0.529522562793731,3.27630802098293,1.95689356836644,1.43572904901747,3.24616004385568,7.07327098347341,"TCGA-EE-A3J3"
3.05353074403504,3.08157823875084,2.79849333936155,4.67865689447078,0.745918162135259,4.02616245916847,2.14179965343614,1.67278308351247,4.3091347397324,7.71383948542953,"TCGA-D3-A3BZ"
2.09290014027872,1.73526220882284,2.48054112100395,3.22840343290574,0.687897447409653,3.39246955809607,2.73618721603635,1.39560110218463,2.46627445930786,5.61293161687901,"TCGA-D9-A3Z4"
2.40764111825837,2.47987724867106,2.74450472431072,3.73402835854798,0.57661026162332,3.8640781866293,1.80890646615256,1.61839738070117,1.82371161194884,3.9463825908398,"TCGA-EE-A3AC"
2.93049296952809,2.76572567865991,2.65848933440837,5.70095208303517,0.376391452750807,3.35312749277726,3.0795538707066,1.30452872598885,2.78756284876178,4.5308550391895,"TCGA-EE-A2MH"
1.0144885714527,0.160791139919387,1.06251504536054,1.59934164602076,0.112044400889273,2.4647984803261,0.586420071507583,1.35249084593653,2.73055663452798,7.05019901434535,"TCGA-D3-A8GI"
2.99241825345942,3.12781484319122,2.12581036990307,3.99283987023403,0.702427270490999,3.92773387215635,2.51653781827979,1.49767809197949,1.98303734076322,4.30655500278474,"TCGA-EB-A44Q"
0.446473826481089,0.197362184149163,1.81124546267258,1.49687108110245,0.126680657295081,2.30079926226262,0.84287537865587,1.61050293709837,2.85641850129272,6.04256714655143,"TCGA-D3-A3C6"
2.20898777124202,1.12260646265104,1.02315794180867,2.4994942119068,0.540042084227449,3.23439200187148,2.07579916019407,1.7263601272557,3.53596920469118,6.0622219512824,"TCGA-EE-A2MQ"
1.76033543827416,2.28747229511907,2.28780125954162,2.02632088095186,0.540879924598903,3.38095096250119,1.69582342249002,1.4295761652333,2.94753921815031,6.23846992836795,"TCGA-WE-AAA3"
0.600984703791107,0.0614306004977481,0.800027060747186,1.26362352253192,0.34854104410608,2.63211242904354,0.616596933925599,1.47600141826525,2.50548817801515,6.16083963214566,"TCGA-FR-A3YO"
0.894980949247693,0.983750648354925,1.54532541494727,0.540419009844709,0.211811710124751,2.2035194685784,1.2941617097804,1.39194876005544,3.2488877530998,6.52130469411767,"TCGA-FS-A1ZF"
4.61493455089904,6.21579506351925,3.92623970375358,3.62790046199056,1.07712519730082,5.05263975098332,2.57185606634052,1.47895558297146,2.4810581998399,6.02265428135013,"TCGA-D3-A3C8"
1.49832144398345,1.00417776078911,1.36912349405513,2.2009971638533,0.39899562171231,4.78595962990091,1.42807202180705,1.82488020813463,4.15502877503509,7.83709505176527,"TCGA-ER-A2NC"
3.26119479990322,4.16538941993541,3.41213115152976,2.31350367045822,1.09929603469235,4.63904983611286,1.90899415957629,1.68057853302192,1.86829879773804,5.77926692342262,"TCGA-ER-A2NG"
4.51296295868238,4.33588337735403,2.70090055662714,6.67257917412407,0.835566410853429,5.22549826178086,3.96844079637505,1.68715370237727,2.91561411558984,7.01787004784692,"TCGA-EE-A2MR"
0.874790009751488,0.175301033900244,1.46293585080595,1.0421194817682,0.241018558864547,1.77301270264751,1.42239313700912,1.81754586080922,2.21587501962862,4.46243254640481,"TCGA-FS-A4F0"
3.69969448452185,4.18749064445668,3.37140983360041,2.34065377982459,1.74711474920092,4.91405146592258,2.48863157505594,1.42528961063836,1.99716522904618,5.67162483584284,"TCGA-FR-A44A"
1.29300811673822,1.29119096369089,2.6113563773936,1.79769135859498,0.703902809867987,2.28167190603402,1.41710656402086,1.32460840946603,2.8309476795991,5.66336915868113,"TCGA-ER-A19B"
4.22942010886957,5.38569332153946,3.95663391736316,3.13500326807285,1.59131744288956,4.97231714633207,2.95359074647706,1.62125302807763,2.05455735149451,4.79001149205855,"TCGA-HR-A2OH"
0.935258561626213,0.307545101899586,1.00551216894307,2.09538442057451,0.138650349760431,3.14570712457709,1.34510598751852,1.45752840529796,2.58059377988378,6.38329916503534,"TCGA-D3-A3CC"
1.22349092177103,0.115565995921603,1.60449072968002,1.09623317462171,0.0830634715941575,2.06130777471924,0.386933263194361,1.80792713442594,2.20094944481146,4.15910388153999,"TCGA-EE-A3AD"
3.38018780955917,2.88465652623333,2.2005930269075,6.02613631431981,0.778393333845848,2.95673834781141,2.22437697076022,1.32079904622322,2.86294725049002,5.32853911633691,"TCGA-EB-A6L9"
1.59326613154378,0.161694235436132,1.46872670222482,1.0305151022025,0.176678068638334,2.24918215145372,1.85955573238676,1.85537641888175,2.05997517263999,6.34996344371732,"TCGA-BF-AAP6"
2.40522644455107,1.76162569220248,1.66032472657167,2.70819134128378,0.654298826765374,4.65523609999256,2.73550399517665,1.44054147130847,2.86242477975621,7.64756418831023,"TCGA-FR-A7U9"
0.660928190298887,0.241352085770659,1.10832899776139,1.26086299151226,0.0865851910042197,2.5318510065797,0.500966096689278,1.53120494679372,2.09884459048605,4.7281262654514,"TCGA-WE-A8K6"
1.76543821405465,1.97210442911833,1.97650103283923,1.59378827415119,0.201895302232448,4.01025875692633,1.72483343793503,1.59892784987522,2.07271540395865,5.5247784182844,"TCGA-EE-A3AF"
0.755519898436735,0.153286520990863,0.867714367449793,1.9228847797943,0.104758781825062,1.63762630065965,0.323047817097195,1.84371159146124,2.11069084523072,6.03450709064848,"TCGA-EE-A29V"
2.74212889651447,3.84212402055808,2.63582752526355,3.4496803112404,1.06515418890421,4.34870429355561,2.5303492211845,1.81760454417074,3.46075083678931,6.16726884105983,"TCGA-ER-A42L"
1.70682673042007,1.02467428041162,1.70002151372873,1.8669562320054,0.231639605781416,3.01339184979523,0.992817735585637,1.52587880806778,1.97591633899211,5.19699514904175,"TCGA-ER-A19F"
2.19762273759276,2.76561960828123,1.92696517977867,3.02785935025004,0.444384309014004,3.24710001750565,0.924494559041698,1.08146149645731,1.76138366405047,4.15988768461605,"TCGA-QB-AA9O"
2.10288174792396,1.8094144442359,1.6091292996006,4.29131703316129,0.246706248833626,2.98796719366862,1.03430538806922,1.64019247991021,2.17578041342917,5.49155969056303,"TCGA-FW-A3TV"
2.02690528846295,1.00855859883656,1.4859379793127,4.46842937205824,0.347172234869267,3.13641619721813,1.48849427209916,1.61870810805065,3.09164599717165,7.44400556210848,"TCGA-WE-AA9Y"
0.843194409241876,0.0599089890186851,0.860394399599235,1.65623090223851,0.0897397129425043,1.13938156291086,0.392602182324979,1.05340074705896,1.29374820471751,3.64420975458782,"TCGA-GN-A4U7"
0.79386180133678,0,1.65923650159732,0.759166624872569,0.122264380195213,2.08615145213464,1.09302135880313,1.39014882341656,2.36189231308693,3.12982782372939,"TCGA-EE-A3J8"
3.05453203257497,3.07941224724342,2.51276805078147,2.92179609233731,0.580920713570161,4.81761109970992,1.45961618350937,1.51106636234653,2.29843711426083,6.66087495340946,"TCGA-EE-A2MU"
1.37393087419889,0.245495662819921,1.21929861075077,1.0389307304061,0.0571089932076188,1.22580883254076,0.389095887054564,1.21775859403362,1.16541598122404,4.09836604717123,"TCGA-BF-A9VF"
3.09145951190373,3.19151527596143,2.46814474992117,3.38459872222197,0.751119470710415,3.68652991328054,1.14636308438428,1.61993409532732,1.84250972941184,5.85259093663532,"TCGA-EE-A2GC"
2.24438455835261,1.22292818000261,1.5740760099218,2.12665094683212,0.356457136904076,3.26187155269736,1.06671933087247,1.46213531530569,2.05549055011289,5.40247536541875,"TCGA-YG-AA3O"
1.65865372507631,1.57381075939012,1.63416324059094,2.36277914560808,0.374976374540593,3.3738406854551,1.74668449954958,1.41369027890102,2.06101192969725,4.06587070715228,"TCGA-EE-A2MF"
2.88146819797522,3.90815960896048,1.94999551599051,2.2296131320109,0.628131281926101,3.0509915346465,1.63516118725479,1.47430564050508,1.2823818776622,4.55732962575409,"TCGA-YG-AA3N"
4.30105659523918,5.72385340466557,3.60595422473212,4.19420823651703,1.51015111887139,5.31807212974444,2.57358910695016,1.63714683368396,2.76218541404414,6.96451574310635,"TCGA-D3-A51F"
2.1676200592212,2.74159641865467,2.43781497459931,2.11845522529944,0.603395683301856,2.76040066342214,1.7547729603046,1.67398019544434,1.89475815210585,4.96383045481278,"TCGA-EB-A4OZ"
0.972675001249918,0.643579165731715,1.50112573093793,1.77839226130253,0.268683546902009,2.69934858313149,0.897219151813089,1.12571503057096,1.55415577154548,4.45339878582757,"TCGA-D9-A4Z3"
1.12709878692941,0.0398402645317911,1.61415382232933,0.749558035729767,0.100808819603212,1.9191084016878,1.10266652136852,2.13256451796782,2.6669930707497,6.23079181272539,"TCGA-GF-A2C7"
0.554288508448432,0.0858325236749548,1.39551104436278,0.79217955551105,0.134169562501211,1.9792892773626,0.387008695072887,1.28623932462297,1.94607021329024,4.74865130104908,"TCGA-FR-A7U8"
0.655058253285461,0.167486389965649,0.701739711188844,1.05425253925047,0.0669111644485532,1.632590767936,0.518483277145074,2.11213338753938,2.74895393635904,6.2427657653504,"TCGA-D3-A51R"
1.55468348019752,0.952035304007472,1.30007191682726,2.03104095704661,0.343503178003874,3.59981098175297,1.46016005135205,1.63747982343779,2.2549958701731,4.33448583331689,"TCGA-EE-A3JI"
2.45073764233425,2.16674757590129,2.25401493073253,3.91972416030565,0.752809658857151,4.770015738083,2.31085075480819,1.82627124879562,4.12102390909061,7.8355262669077,"TCGA-ER-A19D"
2.99990840314226,2.41291698330213,1.94693721866748,4.96061511961825,0.302251099160279,3.43254900900004,2.55964190842264,1.59148421426637,2.51236764485415,5.68557389744079,"TCGA-D3-A1Q3"
0.86759568843022,0.0721744169243166,1.72983165572921,0.596416760009347,0.186096568078565,2.72266007956443,1.75496436344965,2.0852713439834,2.8175839559938,5.93902397217848,"TCGA-HR-A5NC"
1.44438202170105,1.02772025835593,1.44903894559969,1.9494400084969,0.16699187174534,2.81629319645363,1.38101538996858,1.60772841229549,2.21491990062063,3.98627650826851,"TCGA-DA-A3F3"
3.38301167594354,3.99110002995245,2.93211760220241,3.15262191142605,0.607323859198322,4.55966983949118,2.32435157684961,2.50503517580738,3.15734187087186,7.34866080800101,"TCGA-EE-A2MC"
2.62868254340207,2.42064408484287,2.66159304529441,2.84653229100745,0.877830120707694,3.95151094908123,3.43190921393065,1.54213164633086,2.48690703038806,5.56825899625442,"TCGA-D3-A3C7"
1.11644721262972,1.18757773957719,1.44039587020078,3.02729071483225,0.200178126095978,2.47261496498411,1.71410412747842,1.45113711678261,1.56726854433279,4.86079477586982,"TCGA-D3-A3C1"
2.1283653585053,2.19943678355886,1.89646761997687,4.74637243104153,0.670119148656525,3.50109936871632,1.53505660947268,1.30422220832701,1.68663630126548,3.24448858052099,"TCGA-FS-A1ZW"
2.38051857529332,2.46876576012785,1.94513362816008,3.26341145167262,0.367366912108102,3.63904994465477,1.5273954857302,1.56093892788776,1.59033550530662,4.41554583727569,"TCGA-EE-A3JA"
0.780391264562937,0.511670437570374,2.07517445977379,1.49403835779003,0.373613026113533,1.55723058363621,0.531045389828738,1.3292526822383,2.00150636810883,5.2202274042521,"TCGA-D3-A8GV"
1.73394333062741,1.03012416145513,1.54087299277131,4.40614975524782,0.555674917551385,2.56281326175438,0.735205127506979,1.43398556293175,2.29253274115831,5.11706449660003,"TCGA-WE-A8ZR"
2.26534794355106,2.06315775866032,1.93074260394443,2.43527878407828,0.27325783237145,3.80858946457205,2.46099719368527,1.7766269829657,2.69870097898315,7.05677862237049,"TCGA-EE-A29S"
1.59243276307216,0.764091329493308,1.35463292909866,2.55392462437812,0.380686511550374,1.35721250911667,0.254129666571317,1.34913553837378,1.67025817129475,3.8573951224111,"TCGA-GN-A8LL"
1.8494418458984,1.69821847822441,2.82446051730902,1.5109597651554,0.564448595705855,4.73624058682974,2.49513361655501,2.4394482426978,2.57300961704697,7.48757186554143,"TCGA-GN-A26A"
4.06946576669304,5.34506632327888,3.74193908548397,4.66778092709699,1.99874399203952,5.13805845449585,2.73118359071611,1.35915631080888,2.5920109225974,5.90969479969526,"TCGA-EE-A2M8"
2.74363018290024,3.24832230227561,3.51050721753275,3.10820711137049,1.08064409764862,3.74300990619756,1.19063498364176,1.4618805649075,2.19896721591406,5.06961178196764,"TCGA-EB-A551"
1.58044677471336,0.951886149699674,2.02970445751096,1.77470065475254,0.562383688525708,2.28414796500424,0.740964931206383,1.68662514649195,2.8888624903426,6.12343144513065,"TCGA-XV-A9W5"
1.54857914737118,0.387031609525704,1.99482788265271,2.20887764292187,0.278126360607362,2.70479253250637,0.975769329845841,1.38674141558994,2.21114851640389,5.18863040902919,"TCGA-WE-A8ZY"
1.51039612189381,0.18840092460321,1.45976409655467,1.77974968138824,0.512551808122491,2.33931258682611,1.37558783171501,1.43924137567342,2.10310353787337,4.91052340409197,"TCGA-BF-AAP1"
0.336697764010533,0.112499976200718,1.95257175201392,1.0115975518063,0.103488862896889,1.56502176610246,0.688992411899936,1.39974855122765,2.63427486569305,5.47032910855652,"TCGA-FS-A4FB"
2.94285657527035,2.36409612424661,2.13566700106088,4.06457286735612,0.683869970808255,5.07903506502043,2.4073856935796,1.70406611235485,3.63020596801386,7.56326910911616,"TCGA-GN-A265"
2.19362292997932,1.8149605130157,1.63154577252154,2.47229707979546,0.675958569529551,2.45878061978912,1.2742633961653,1.39936232811911,1.6280531403419,4.56895469551599,"TCGA-FR-A3R1"
2.42194063090879,2.01560461145512,2.37386992524288,3.66150287220425,0.560517008135834,2.02204758426084,1.81129330561797,1.19615572598115,1.74194373092567,4.60187345198281,"TCGA-EB-A5UM"
1.95271467619829,2.59170334996617,2.21594928467541,3.80332509973478,0.759650253333668,2.69441419322753,1.60563259011027,1.26414455541522,2.29156860933985,5.74559921942766,"TCGA-D3-A8GN"
4.57853168718554,3.80839534822849,3.48970227091726,6.48656604393148,1.53071868380126,4.74250226930109,2.46299613933808,1.70641447461218,2.55321534941131,5.07541760173628,"TCGA-D3-A8GD"
1.02023871734868,0.504467852705359,0.845246498155044,1.70978853104899,0.414050015727725,3.14587767671739,1.01979382898062,1.55984902909443,2.69621345499446,6.89997766442296,"TCGA-GN-A264"
0.912575515495634,0.110496881917402,1.39814085042336,1.30862945725232,0.199840863980956,2.44994194464871,1.16335453290728,1.52358828173871,3.18766996722718,5.57845120293681,"TCGA-WE-A8ZQ"
1.84139756928879,1.54067207134245,2.15375058025201,2.5060867886244,0.320152353309777,2.80164597299268,0.69188526250575,1.32657832289575,2.27678186523357,4.78984493061019,"TCGA-D3-A1Q9"
1.10025569698541,0.535157156334507,1.67148390608067,1.2441887762561,0.193763757982248,4.47496929681152,2.06621167158453,1.57203390141335,3.06042013827015,6.87788602142388,"TCGA-DA-A1I4"
3.81524500781122,2.2054550742976,2.71914023599457,6.7742912155567,0.711541418217045,4.37459073140747,2.27843465450898,1.69572047312581,3.28688940279545,6.50733760945016,"TCGA-FS-A1Z4"
3.61492583009171,4.10903453701564,3.26102333838199,5.92500066442919,0.988789018238232,3.94522592395426,2.52064826320826,1.4785349479012,2.85002369515523,5.50194448472529,"TCGA-EE-A2MJ"
0.920670542795348,0.0339339114419318,1.38776772544025,0.520289199918779,0.509353484629927,2.360557514381,1.13998548440563,1.46965397581546,2.98152683867089,6.04975733606856,"TCGA-D3-A3MO"
1.07109133654972,0.299127408412377,2.13121381823467,1.89111726173766,0.373114837765788,2.27840136680904,1.29502523272265,1.38480117409326,2.44970431102903,4.51118768643416,"TCGA-FW-A5DX"
4.25093191255133,3.45588610498791,2.60728543284539,7.45643970111829,0.798690876247617,4.52377654865645,3.96538796674103,1.38603389522004,2.05059397728624,5.3461519156973,"TCGA-DA-A1IB"
1.07974350530636,0.454070583134958,1.60981530242335,2.25071844445175,0.134927361558856,3.14660449351535,1.35278035681628,1.57456771825586,3.2591128601897,6.17435490327364,"TCGA-EE-A2A5"
0.820624404132159,0.250233980826754,1.07839252247068,1.3356823889705,0.132562905316963,2.19675863744812,0.387619415834341,1.39710380187722,2.78985942940335,3.99182092033733,"TCGA-D3-A1Q1"
1.19992923663557,0.480885502644925,0.90479141856611,2.70061741495315,0.211367066044114,1.61460836011055,1.03872141713355,1.3589555507075,1.61932775673288,3.65458595132728,"TCGA-GN-A4U3"
2.81226379755443,2.61760410619564,2.22702837846615,3.97104666363557,0.681567459246267,3.84583061628665,1.48942419713159,1.47876773653779,1.9151659620615,4.89663245595145,"TCGA-D9-A1JW"
3.58591740643829,2.32610585567647,2.10731044256348,6.35713438832554,0.444325225073739,3.45946202751297,2.67765265262559,1.73892483716058,2.82213554254005,5.40095869743342,"TCGA-EE-A2GT"
1.80692061558633,1.05192888499424,1.69892396726208,1.50741405568755,0.919028516308191,4.3459750820917,1.30162096797778,1.54044122645941,2.87399592562904,6.20389802443244,"TCGA-W3-AA1V"
1.45805985484887,1.13704441137426,2.46450579418453,1.453212084797,0.481503762828642,2.80594841323599,2.22183869778456,1.59184200120984,2.88834261566843,6.69578503530509,"TCGA-FS-A1ZR"
2.75805172301335,3.40581541452774,3.27486304585306,4.32207649049117,1.11906687996773,3.77280327165985,1.57226646207469,1.14616531980765,2.16980188945397,5.98376233542613,"TCGA-EE-A2GH"
0.892474622467171,0.309409049240119,1.67350286761755,1.84173855191144,0.22098808748499,1.87666785655439,0.814608372723988,2.15289546536119,2.09636505584194,4.94066945856446,"TCGA-FS-A1ZN"
0.704731269817272,0.219091058246197,1.60880539254615,2.52882599434799,0.468208206602925,2.01088935780878,1.48796579508875,1.66120035074227,2.58848135677187,4.83021091197556,"TCGA-EE-A3AH"
2.42420124776467,4.1650114805764,2.65821190178805,4.08820101544744,0.820585448513202,4.20154089508971,1.85412406757977,0.972519860187681,2.32867298425335,7.77440491915686,"TCGA-DA-A3F2"
2.95023829956161,2.98810294756257,2.37861589892377,3.34024496360821,0.795760216505819,3.42983117038452,1.9007738390571,1.52864091037262,2.08843266311432,5.41616704213697,"TCGA-WE-A8K1"
3.22563101855571,2.69256110539988,2.36847854768571,5.87245122674139,1.19563810641707,4.41129371980595,2.43137969788495,1.76637834180509,3.88531562812401,7.32419704210542,"TCGA-EE-A2A1"
1.36377437499737,0.84052365962151,1.52067557948973,1.50450316320662,0.563966907291901,1.69829395798143,0.413657459788693,1.62563536159982,3.09783151894438,5.56094526160536,"TCGA-D9-A4Z6"
1.164296163626,0.315566230318949,1.79800744104413,1.30028168198156,0.25420723726376,2.96276858462313,1.51535641747452,2.1675007886157,2.44092716884697,6.37479311760284,"TCGA-EB-A3HV"
0.498931064664858,0.303809967021285,0.911470234604024,1.20292010774847,0.102793785903361,2.42716735364079,0.916215215790656,1.42673926079577,2.93210589968399,6.80758826343562,"TCGA-FS-A1YY"
2.11065623334609,1.30211429510598,1.42349453307807,4.00371730926063,0.376744836887085,3.39529537347405,1.94312035214669,1.77188863917293,2.21583890791948,5.09151106243079,"TCGA-EE-A2MD"
0.933609198254155,0.0978804340519131,1.89893660277838,1.97189166429106,0.0515556228826424,1.39547231638041,0.563634778145278,1.73418901930478,2.5300244526421,4.89388680955906,"TCGA-EE-A17Z"
4.89527489620742,4.97962754430801,3.10315437575271,6.58305586403245,1.04593059196647,4.94728296835448,3.34830019028109,1.64083461319184,3.53001016628923,6.83318380730987,"TCGA-EE-A2ME"
2.4039085032972,2.91508104595371,2.06479477807931,4.28121506690672,0.539931432292357,3.005759971732,1.39059668646578,1.02405109032405,1.97410382449588,5.13852812578324,"TCGA-QB-A6FS"
1.40063827817156,0.58111017522555,1.59261795122418,1.69079787789011,0.223126895690399,2.05320597038006,1.09073942708222,1.65735672334507,3.13760861913457,6.48454338015177,"TCGA-EE-A29R"
2.18274488253149,2.44543538088711,2.44278604465372,2.44705308662588,0.769223617865191,3.46600805026605,2.07369454012688,1.3819668946484,2.17137187395478,4.96650433757465,"TCGA-D3-A2JC"
3.94547845095035,2.7418768153744,2.51113782461466,7.39126811462944,0.829134709329191,4.05161337492508,2.55916606474051,1.68621196410793,2.66749552266385,4.72176610256423,"TCGA-D3-A2JB"
1.56477357271542,1.23633953916837,1.46205365570404,1.98136619281812,0.458069659916437,3.15350929267813,0.535858171349206,1.62284952837461,2.86479068437352,7.1396136379525,"TCGA-DA-A1I7"
1.34463127671226,0.553065544045605,1.72464326514111,3.06244263223975,0.107908725300274,2.11664524628418,0.594463066712329,1.81619740526295,2.0538881927028,5.15239223882675,"TCGA-BF-AAOU"
2.628087752283,3.04351949366274,3.25852538814781,3.25971661616612,1.24930698836753,4.03335420254425,2.47777290305909,1.81677371470053,3.26535837538315,6.18638236503791,"TCGA-ER-A19H"
2.11902293437547,2.17992500932066,2.86237296278508,2.26169331544834,0.637938736074191,2.88853450629905,1.39942799069082,1.13539925983538,2.12161662677231,5.54516168387395,"TCGA-D3-A2JP"
2.5577828178503,2.48571018586717,2.52693574749722,3.54193319290507,0.509210437184347,4.11603923052185,3.07984224207808,1.43060804297066,2.76534010225753,6.17213304266582,"TCGA-DA-A1I5"
1.35964250503906,0.357383093847595,0.950094302663231,0.93089908854633,0.0540435652158156,1.79001265257001,0.344607199347804,1.29199454158313,2.37675599403227,6.04845264201507,"TCGA-BF-A3DL"
1.81889228909074,1.66634758098704,1.32277840186189,3.48707456968015,0.303619454127568,2.13181620559143,0.555880364904155,0.924262115156,1.73489353935624,3.48255264944036,"TCGA-D3-A51K"
4.07654804673206,3.51451366043187,2.5109610717862,7.02917814839545,0.822807700118008,4.0180172270245,3.17218310985901,1.73322008951208,3.87488761141054,6.82733913162424,"TCGA-EE-A2MG"
1.63718768866759,0.573956141064138,1.41807550870384,3.46264996451076,0.314858410759352,3.19055853236514,1.71246608719171,1.76457585777292,4.66618015091133,8.00628948063099,"TCGA-D3-A1Q4"
1.37148222020518,0.515207819035821,0.613732899091641,1.88191323414491,0.202654516739015,1.53581778052996,1.2985631128763,1.21951486520065,0.980482230518638,4.51740034940039,"TCGA-EB-A41A"
1.73562813878524,0.916247323690013,1.00108085600007,1.52144471754111,0.197102633299984,2.34436453450993,0.633376533187449,1.47491471838074,1.61108017101934,5.87309774043139,"TCGA-BF-A5ES"
1.38930080407638,0.101246656683439,1.77988912960849,1.72614347444841,0.226929344131008,2.52771185562117,0.987449291385692,1.58690009611624,2.42677085280037,4.9862854855613,"TCGA-EE-A29D"
0.846401799031339,0.527070335512661,2.30494122510892,1.73587723279466,0.405403013959418,2.79771721920258,1.7582547330656,1.46036833225565,2.61156281585735,4.59315574680208,"TCGA-OD-A75X"
2.76885592098383,3.74596871466424,3.15071784049926,2.73691798125091,1.26855988185522,3.74255250047496,1.44597867450894,1.5681618205658,2.55312384693202,4.4837883556257,"TCGA-D9-A1JX"
2.35909164539938,2.80324770527026,2.18040514388261,2.88498375513831,0.374218051856416,3.01871541967403,1.23351528482751,1.40399244987425,1.39369307130147,3.77434037293235,"TCGA-FR-A3YN"
2.61186890613609,2.53958069893295,2.3685742540782,4.81811902777752,0.532822691063421,2.49290249686252,1.37196475457338,1.17657067592489,1.80697081624452,4.49433491429814,"TCGA-EB-A5UL"
1.52637199354009,3.41260541096948,2.00999944670296,1.03421773317184,0.136674399156427,2.91055450041769,0.807368537154412,1.62689191988589,2.20387230881902,5.41268157255295,"TCGA-EE-A3AG"
2.27665961354077,2.26095903968546,2.06717405452259,3.26651916316871,0.794003842719404,3.70807129781881,1.63378721630867,1.83236678166443,3.15506704157444,6.27635266827478,"TCGA-EE-A20B"
1.53965206942134,1.55973652443298,1.60177180777889,1.09775202568401,0.178655074996157,2.1091304630582,0.749214878521101,2.04518248682408,3.5827818708875,6.1841064519811,"TCGA-WE-A8ZM"
3.13854192452598,4.02154191120137,3.14726651124058,2.90917065251793,1.0208644771784,4.29276172951108,2.36131201932376,1.44555002561638,2.52925302759142,5.21201570529947,"TCGA-EE-A29P"
1.66354104005284,1.94519565978064,1.3244177440453,1.59327813830988,0.508105081921336,4.04194345093592,1.42587085370699,1.63792599726641,3.41284976213672,8.42324907651608,"TCGA-GF-A3OT"
1.34771573825045,0.718526026462262,1.09162733125382,1.86996156151774,0.196998967101396,1.97626765158159,0.986241760533965,1.76273883027227,2.49534685693244,5.6302637848067,"TCGA-EB-A5SE"
0.99696677271029,0.402394750500615,2.11676484238432,1.44984566794334,0.234127559279896,2.53235314435934,2.07973607215859,1.59333795593411,2.46270307533662,5.71541833135189,"TCGA-D9-A4Z2"
4.58211833121607,4.9976537136842,3.10407259285693,6.43736930470952,1.27156327250705,5.01835527465664,3.51464172721551,1.42335144609098,2.49314394241677,5.82847358685084,"TCGA-ER-A19P"
3.40380378244885,3.63814336297726,2.26127586172167,4.59607657791115,0.652215761292477,4.98357386291238,1.30493206676265,1.65148276145972,1.88974751319791,6.22583256961858,"TCGA-GN-A26C"
2.0362749672516,1.44715597919675,1.86688511319444,2.41959626867036,0.195709484342451,3.46795629524285,1.53472673531555,1.53684120489954,2.25724173004692,4.93540108442306,"TCGA-D3-A1QA"
3.51716388229917,4.5149996065221,3.18822187061776,3.92390969356933,0.805167482113578,3.86431699874977,1.96873896129344,1.34820765471742,2.43321821574647,4.31560083014443,"TCGA-D3-A1QB"
1.6426096918224,0.650764559116902,1.87487569141836,1.53767787767269,0.30281852991427,2.79677834886133,1.31518261255318,2.86118603253076,2.38071901673647,5.44496458929283,"TCGA-EB-A550"
2.06895576234865,2.11176583118223,2.03159924314185,4.41745846831697,0.358655464634907,3.23355916818523,1.76623950580102,1.04470183031959,2.13271669850594,4.47965994417091,"TCGA-D3-A3C3"
1.34308961611491,0.468426918823479,1.02147636444275,2.42212973956678,0.241419824090739,3.12868196171377,1.29970942837413,1.48892485727361,3.57611685985086,6.97679225999747,"TCGA-EE-A29C"
1.31601441793782,0.0561673063004266,1.03777729619137,1.03878374266403,0.0423890806316962,1.67187309160743,0.953299795872901,1.53974509337555,2.50896209182634,5.54786187319116,"TCGA-D9-A6EG"
1.30847790952066,0.453543917542686,1.85543980480955,1.35087945785369,0.263772451051638,2.12124021798063,1.21206514342947,1.66724524293,2.10091894821513,5.52257116090584,"TCGA-EB-A44O"
1.3918910804802,0.227124934449926,0.784240141448263,1.1528193889082,0.22202817019399,1.85716366418177,0.531866208353578,1.38948865682122,2.02946413850982,4.15366421999833,"TCGA-RP-A690"
1.84071357594279,1.21487083400391,1.66563185592219,4.85221478333973,0.252836565520892,3.25108125358034,1.54892295468475,1.4868629978718,2.44545348698867,5.2373574971177,"TCGA-EE-A29H"
1.91491837649685,1.59703052403025,2.44108422782482,1.85480883490171,0.338552378709331,2.24771116273811,2.41679428807803,1.81230098952909,2.26129842987531,5.65684368592999,"TCGA-EB-A3XE"
2.80314650671614,2.278966041049,1.88586430593499,1.9507934961995,0.361296321380036,4.32725828610898,1.60219642550867,1.93137478157466,2.69868424323537,6.43930418557116,"TCGA-EE-A2MI"
1.04982295172368,0.608714636620151,1.70452449589963,1.44492654004325,0.290209039747012,2.51434536209152,1.37488146871458,1.75368479427656,3.33899134641697,6.87443502451515,"TCGA-FR-A69P"
1.25324834775322,0.915406168950165,1.47743135286587,1.98421621137692,0.193036078436314,3.56802451774447,1.05695400802675,1.80499965811526,3.19608275041845,7.00072564809394,"TCGA-ER-A19J"
2.31358639661247,1.47715921118664,1.90698948516294,3.91228987739955,0.905961022950013,4.11821221936315,1.73536577102441,2.12801181850313,3.3078250993846,6.78179112596181,"TCGA-YD-A9TA"
1.30285509147503,0.217106608083392,0.780738639186375,1.58687018441115,0.090651098739426,1.60981037946448,0.635958930593889,1.27916164768042,1.95537794908514,4.84720156300368,"TCGA-EB-A3Y7"
1.23224755213828,0.297484915710575,1.6347927942902,1.98964888793492,0.183560221330646,2.26129689050674,0.732185619915385,1.55901448811385,2.03168236678171,3.98919540056688,"TCGA-D9-A6EA"
1.76502642873527,0.935686035162178,1.42581223917742,5.36769588207626,0.250075100711972,1.77685111445139,1.40187577299955,1.29050375334659,1.52816044154726,4.20432392215955,"TCGA-D3-A8GO"
2.01114732910912,1.79289698798221,1.88265133683824,2.04052767722325,0.772854278904838,1.99736648164754,0.9105599076928,1.41648759306426,1.58963188335158,4.10006920031286,"TCGA-EB-A430"
1.26206624716798,0.291132012008753,2.02824511639145,0.863069339638163,0.340282990472722,3.02038654130089,1.82419776757935,1.80179123617934,3.66180388757311,7.54422625665425,"TCGA-EE-A29W"
1.79628693129425,1.58024198253658,1.9188793386304,1.71705519612891,0.395662255693684,3.83832857264938,1.58444290910652,2.08016549542849,2.71192985694089,5.69078948424518,"TCGA-DA-A95X"
2.13635609209309,2.53279071396292,2.46868707544996,3.25027269051018,0.688573904578055,3.68578204301565,1.68629375258964,1.43673353946262,2.59362372411655,5.68006546363825,"TCGA-EE-A3J5"
1.53642657558043,1.55375368860475,1.5043595286622,1.57040190547618,0.187244646850478,1.82872290625602,1.11271739674446,1.10156889396986,1.37353794838303,3.67715796844292,"TCGA-EB-A41B"
1.52779199263423,0.788769221657573,1.79547306223996,1.42162933954827,0.320658158601591,1.80322506400097,1.27866674126896,2.4682460008335,1.79113720001668,5.06969520467233,"TCGA-EB-A5UN"
1.1583347592401,0.490980803674391,1.28807881450589,1.154918886089,0.266406096837762,2.77478189370317,0.611681250340289,2.67025975768098,2.23393870155226,5.83844664325106,"TCGA-DA-A3F5"
2.98932951137234,2.15529589102332,2.37753637324103,2.24926341474731,0.633959326950821,3.91979583956747,3.48544108773963,2.03308918195428,3.97557824534045,8.68874630464401,"TCGA-D3-A8GE"
1.49596464695023,1.74204934011865,1.47052335345153,2.26423651197148,0.609141227169692,2.59001313421477,1.34443510181446,1.51177129806062,1.85576739259013,4.40749215619738,"TCGA-FR-A8YC"
1.11231589343611,0.47487728599312,1.87173729873447,0.67273562631988,0.561516373694471,2.40866316874035,1.56486150543402,1.69491135317128,3.57447262520653,6.33102615757072,"TCGA-BF-A3DN"
1.62327116720386,1.19962523565773,1.71890355130259,1.34584342366058,0.311082218671394,2.14018463122968,0.991410788891353,1.30693112380042,1.80525809165126,5.68834575634558,"TCGA-EB-A4P0"
1.58633331540274,0.603691617115573,1.74421762011864,2.86141709287867,0.311568560325272,2.05647783505397,1.01029767994007,1.54262807235049,1.89485679161599,5.17640267431104,"TCGA-EB-A24D"
3.74721471298766,4.38601765991457,3.11262102417875,3.78093828389428,0.907405142809932,4.87117602543191,3.01002086817817,1.75989155251039,4.11225091300614,6.63914612710101,"TCGA-D3-A1Q7"
0.99499549952318,0.104873376726018,1.10873688455867,2.02311029893726,0.188875681572023,2.18459929053911,0.814879342004866,1.14794679952854,2.22801948803642,5.63646580343112,"TCGA-D3-A2JK"
3.20586709219706,3.68414547237453,2.87543051303032,6.24914459710253,0.854831884132884,4.00340999239822,2.74384939534663,1.47674349419495,2.36229099248917,5.16896249741914,"TCGA-ER-A199"
4.56787204614563,5.49766026306498,3.63865039334993,6.24185990130953,1.31523149960796,4.75148916429911,3.50079864438835,1.67711316386065,2.9579894270492,5.62860095593195,"TCGA-D3-A2J9"
1.56331231633439,0.999206299439844,1.61308460120539,2.2973643045123,0.383731795300374,2.76299373557196,2.30545445266237,1.77812572790872,2.34677390724583,5.46536523356142,"TCGA-EE-A2GB"
2.36202860957596,2.52707033551266,2.08745845801271,1.20803597866283,0.442156036798332,3.65541674399844,1.84807748948785,2.31575240078101,2.01402629373501,5.86255287837097,"TCGA-FR-A728"
3.13363561454091,3.99050111136325,2.96661814824989,4.75736063694036,1.03667093329786,4.09344462527118,2.60795202936536,1.06622674515843,1.87056973571079,4.1043556571194,"TCGA-GF-A4EO"
2.19831403984299,3.18619943652711,2.43980123189706,2.0089699283219,0.348027378611116,3.01362507210987,1.01505449124427,1.28451351151515,1.20658516291216,4.56395389507467,"TCGA-W3-A824"
3.11594855288687,3.57930085049416,2.63113042094185,3.62779355687159,1.21424356162872,3.58899232759073,2.38707872933704,1.51137100942032,2.02909567489217,4.30237868026368,"TCGA-EB-A85J"
3.35211302058234,4.53927049930397,3.05600410937548,2.16872083936001,0.501400699220462,3.11693432526392,0.861381382055058,1.42906564731859,1.53586629989032,3.95474700465183,"TCGA-WE-A8K4"
1.28065316039439,0.862669589268398,1.90792651802027,1.43424503297231,0.240286134513556,2.57276929136599,1.2266274113218,1.70922899930547,2.06966115034395,6.14741895911965,"TCGA-EB-A42Z"
1.3677769248094,0.0429244451738409,1.59752942392972,0.652634427981344,0.122677230268963,2.95301545185216,0.766749604498618,1.97934454354335,3.40861277222721,6.82717032779666,"TCGA-FR-A2OS"
1.69925776508772,2.33671184751443,2.11752534610382,2.19661769325182,0.588002120963183,2.45385354039105,1.20936606867191,0.981399447127958,2.17649430166765,5.98571214185576,"TCGA-WE-A8ZN"
0.960751099291118,0.619178216059069,0.87712048908534,1.10237616931989,0.219074442971928,2.74335008824743,0.703327040211648,1.51272139015201,2.08645159589791,5.7953732780896,"TCGA-EB-A42Y"
3.83794653983071,5.36832835079301,3.33835504008202,4.28839085261366,1.00091632784096,4.33918458502231,2.31264353026097,1.22177653072341,1.7251618191024,3.84951051968812,"TCGA-ER-A19S"
1.20639215618035,0.288771967247402,2.00511368962195,1.4958920541564,0.145537163452998,2.06321026651802,0.784027138416364,1.54887818546624,1.84111640766491,3.96336414409234,"TCGA-FS-A1ZG"
1.34832121717824,0.166201252662703,1.33024345608348,1.6865921046553,0.0838095779496374,1.88674218425142,1.02445551898943,1.88133493045721,1.77863959650888,5.83016638254488,"TCGA-BF-A1PV"
3.81942097373514,3.94644079501432,3.0007362502673,5.05954523165807,1.02411960489156,4.37643119091616,2.85120914154555,1.64663358213024,2.66891372913739,5.27654482565687,"TCGA-FR-A729"
0.803784005933745,0.032947164099129,1.42038712418834,1.73272031725769,0.101093747677823,1.57994995805634,0.775295577754224,1.84445948200708,2.32820517044983,5.41478050600837,"TCGA-D9-A1X3"
0.714638712643102,0.300416627836874,1.11758140791336,1.54122736915869,0.0712848686597635,1.94413765578552,0.703014962553734,1.39392452615917,2.07536783227788,3.45302800953197,"TCGA-YG-AA3P"
1.63036882912596,0.98309393259779,1.19786027413399,0.871962060928922,0.338840719896788,2.83587875819795,2.89971129990318,2.50597775385094,2.14118366917445,5.35214516765313,"TCGA-ER-A19K"
